photo,run_id,blocks,typed_at_capture,ground_truth,amended_after_capture,expected_deg,peak_deg_ui,angle_error_deg_ui,angle_error_deg_ssim,angle_errors_deg_ssim,peak_radius,true_radius,ssim_raw,ssim_blurred,significance,baseline_run
20261002-140411-ssim-saline.jpg,20261002-140411-ssim-saline,E9,wood block at 9,"A: near E9 (block centre ~128 mm from tank centre, upright, 23 mm face to centre)",yes,300,305,5,1.0,+1.0,0.27,0.80,0.409,0.394,9.35,20261002-135739-ssim-saline
20261002-141259-ssim-saline.jpg,20261002-141259-ssim-saline,E10,wood block at 10,wood block at 10,no,270,274,4,11.3,+11.3,0.40,0.80,0.403,0.414,11.01,20261002-135739-ssim-saline
20261002-141918-ssim-saline.jpg,20261002-141918-ssim-saline,E11,wood block at 11,wood block at 11,no,240,236,-4,9.0,-9.0,0.42,0.80,0.472,0.475,11.02,20261002-135739-ssim-saline
20261002-142601-ssim-saline.jpg,20261002-142601-ssim-saline,E4,wood block at 4,wood at 4,no,90,87,-3,1.7,-1.7,0.52,0.80,0.413,0.404,12.83,20261002-135739-ssim-saline
20261002-144109-ssim-saline.jpg,20261002-144109-ssim-saline,E5,wood at e5,wood at e5,no,60,69,9,5.9,+5.9,0.50,0.80,0.585,0.617,35.49,20261002-143242-ssim-saline
20261002-144734-ssim-saline.jpg,20261002-144734-ssim-saline,E6,wood at e66,wood at e6,no,30,39,9,18.2,+18.2,0.40,0.80,0.456,0.482,34.42,20261002-143242-ssim-saline
20261002-145332-ssim-saline.jpg,20261002-145332-ssim-saline,E7,wood at e7,wood at e7,no,0,0,0,2.7,+2.7,0.33,0.80,0.320,0.326,32.94,20261002-143242-ssim-saline
20261002-150425-ssim-saline.jpg,20261002-150425-ssim-saline,E8,wood at e8,wood at e8,no,330,323,-7,3.1,-3.1,0.43,0.80,0.284,0.323,34.06,20261002-143242-ssim-saline
20261002-151731-ssim-saline.jpg,20261002-151731-ssim-saline,E12,wood at e12,wood at e12,no,210,211,1,2.5,-2.5,0.44,0.80,0.572,0.588,13.15,20261002-151045-ssim-saline
20261002-152426-ssim-saline.jpg,20261002-152426-ssim-saline,E1,wood at e1,wood at e1,no,180,184,4,1.8,+1.8,0.48,0.80,0.559,0.557,12.39,20261002-151045-ssim-saline
20261002-153824-ssim-saline.jpg,20261002-153824-ssim-saline,E3,wood at e3,wood at e3,yes,120,112,-8,9.2,-9.2,0.48,0.80,0.578,0.595,17.77,20261002-153056-ssim-saline
20261002-165444-ssim-saline.jpg,20261002-165444-ssim-saline,E2,wood at e2,wood at e2,no,150,138,-12,11.4,-11.4,0.35,0.80,0.591,0.566,6.50,20261002-164714-ssim-saline
20261002-171321-ssim-saline.jpg,20261002-171321-ssim-saline,centre,,wood at centre,yes,,54,,,,0.13,0.00,0.531,0.699,5.80,20261002-170541-ssim-saline
20261002-172321-ssim-saline.jpg,20261002-172321-ssim-saline,E1+E7,wood at e1 e7,wood at e1 e7,no,180 0,356,,2.1,-1.5 +2.1,0.61 0.42,0.80 0.80,0.353,0.367,7.99,20261002-170541-ssim-saline
20261002-174738-ssim-saline.jpg,20261002-174738-ssim-saline,E4+E10,wood at e4 e10,wood at e4 e10,no,90 270,276,,2.7,-1.7 +2.7,0.52 0.33,0.80 0.80,0.384,0.370,7.75,20261002-170541-ssim-saline
20261002-175516-ssim-saline.jpg,20261002-175516-ssim-saline,E5+E11,wood at e5 e11,wood at e5 e11,no,60 240,236,,9.0,-4.2 -9.0,0.47 0.42,0.80 0.80,0.314,0.308,8.37,20261002-170541-ssim-saline
20261002-180403-ssim-saline.jpg,20261002-180403-ssim-saline,E6+E12,wood at e6 e12,wood at e6 e12,no,30 210,206,,15.0,+15.0 -8.5,0.46 0.55,0.80 0.80,0.319,0.342,7.49,20261002-170541-ssim-saline
20261002-181205-ssim-saline.jpg,20261002-181205-ssim-saline,E2+E8,wood at e2 e8,wood at e2 e8,no,150 330,329,,2.5,-0.4 +2.5,0.53 0.44,0.80 0.80,0.378,0.467,7.95,20261002-170541-ssim-saline
