run_id,blocks,mask_px,ssim_raw_measured,ssim_raw_empty_tank,ssim_blurred_empty_tank,ssim_raw_perfect_placement,photo_present
20261002-140411-ssim-saline,E9,21,0.409,0.9520,0.7449,1.0000,yes
20261002-141259-ssim-saline,E10,20,0.403,0.9536,0.7531,1.0000,yes
20261002-141918-ssim-saline,E11,21,0.472,0.9520,0.7449,1.0000,yes
20261002-142601-ssim-saline,E4,20,0.413,0.9536,0.7531,1.0000,yes
20261002-144109-ssim-saline,E5,21,0.585,0.9520,0.7449,1.0000,yes
20261002-144734-ssim-saline,E6,21,0.456,0.9520,0.7449,1.0000,yes
20261002-145332-ssim-saline,E7,20,0.32,0.9536,0.7531,1.0000,yes
20261002-150425-ssim-saline,E8,21,0.284,0.9520,0.7449,1.0000,yes
20261002-151731-ssim-saline,E12,21,0.572,0.9520,0.7449,1.0000,yes
20261002-152426-ssim-saline,E1,20,0.559,0.9536,0.7531,1.0000,yes
20261002-153824-ssim-saline,E3,21,0.578,0.9520,0.7449,1.0000,yes
20261002-165444-ssim-saline,E2,21,0.591,0.9520,0.7449,1.0000,yes
20261002-171321-ssim-saline,centre,16,0.531,0.9567,0.5982,1.0000,yes
20261002-172321-ssim-saline,E1+E7,40,0.353,0.9071,0.5060,1.0000,yes
20261002-173951-ssim-saline,E3+E9,42,0.394,0.9041,0.4896,1.0000,NO
20261002-174738-ssim-saline,E4+E10,40,0.384,0.9071,0.5060,1.0000,yes
20261002-175516-ssim-saline,E5+E11,42,0.314,0.9041,0.4896,1.0000,yes
20261002-180403-ssim-saline,E6+E12,42,0.319,0.9041,0.4896,1.0000,yes
20261002-181205-ssim-saline,E2+E8,42,0.378,0.9041,0.4896,1.0000,yes
