run_id,captured_at,label,medium,saline_g_per_l,fill_depth_mm,water_temp_c,electrode_protrusion_mm,grounding,tank_contents,target,pattern,current_range,dac,settle_ms,samples,frames,reciprocity_median_percent,reciprocity_max_percent,reciprocity_sign_flips,reciprocity_pairs,noise_median_kohm,noise_median_percent,outcome,git_commit,path
20260916-160855-coconut1,2026-09-16T16:08:55,coconut1,saline tank,,,,,unknown,,,adjacent,low,100,100,16,0,,,,,,,cancelled,6762df5-dirty,20260916-160855-coconut1
20260916-161618-coconut,2026-09-16T16:16:18,Coconut,Coconut,,,,,unknown,,,adjacent,low,100,100,16,10,0.153852,3.16161,0,54,0.000195052,0.366233,complete,6762df5-dirty,20260916-161618-coconut
20260916-161920-coconut,2026-09-16T16:19:20,Coconut,saline tank,,,,,unknown,,,adjacent,low,100,100,16,0,,,,,,,cancelled,6762df5-dirty,20260916-161920-coconut
20260916-162233-coconut,2026-09-16T16:22:33,Coconut,saline tank,,,,2,unknown,,,adjacent,high,100,100,16,10,74.1922,99.9999,21,54,0.000104525,0.781403,complete,6762df5-dirty,20260916-162233-coconut
20260916-174856-coconut-1-2nd-run,2026-09-16T17:48:56,Coconut 1 (2nd Run),Coconut,,,,,unknown,,,adjacent,low,100,100,16,0,,,,,,,cancelled,,,,6762df5-dirty,20260916-174856-coconut-1-2nd-run
20260916-175453-coconut-1-2nd-run,2026-09-16T17:54:53,Coconut 1 (2nd Run),Coconut,,,,,unknown,,,adjacent,high,100,100,16,10,74.8287,99.9613,29,54,0.000379433,4.43336,complete,,,,6762df5-dirty,20260916-175453-coconut-1-2nd-run
20260916-181821-coconut-1-2nd-run,2026-09-16T18:18:21,Coconut 1 (2nd Run),Coconut,,,,,unknown,,,adjacent,high,100,100,16,10,77.3425,100,28,54,0.00026927,1.98422,complete,20260916-175453-coconut-1-2nd-run,-0.146129,293.747,6762df5-dirty,20260916-181821-coconut-1-2nd-run
20260916-193707-coconut-3rd-config,2026-09-16T19:37:07,Coconut 3rd config,Coconut 3rd config,,,,,floating,,,adjacent,high,100,30,16,10,71.7325,99.9939,29,54,0.000354765,1.83635,complete,,,,,,6762df5-dirty,20260916-193707-coconut-3rd-config
20260916-194731-coconut-3rd-config,2026-09-16T19:47:31,Coconut 3rd config,Coconut 3rd config,,,,,floating,,,adjacent,high,100,30,16,10,69.3522,99.9944,28,54,0.000307979,2.08092,complete,20260916-193707-coconut-3rd-config,-0.437197,235.248,-0.741313,0.58976,6762df5-dirty,20260916-194731-coconut-3rd-config
20260916-200844-coconut-3rd-config,2026-09-16T20:08:44,Coconut 3rd config,Coconut 3rd config,,,,,floating,,,adjacent,high,100,30,16,10,72.0265,100,29,54,0.000642558,4.52456,complete,20260916-193707-coconut-3rd-config,-0.41744,223.101,-0.741313,0.563109,6762df5-dirty,20260916-200844-coconut-3rd-config
20260916-201728-coconut-3rd-config,2026-09-16T20:17:28,Coconut 3rd config,Coconut 3rd config,,,,,floating,,,adjacent,high,100,30,16,10,75.77,100,29,54,0.000322796,1.94466,complete,20260916-193707-coconut-3rd-config,-0.554079,231.019,-0.741313,0.74743,6762df5-dirty,20260916-201728-coconut-3rd-config
20260916-202757-coconut-3rd-config-2nd-run,2026-09-16T20:27:57,Coconut 3rd config (2nd run),Coconut 3rd config,,,,3.5,floating,,,adjacent,high,100,30,16,10,73.0119,100,30,54,0.000299883,2.08389,complete,,,,,,6762df5-dirty,20260916-202757-coconut-3rd-config-2nd-run
20260916-203651-coconut-3rd-config-2nd-run,2026-09-16T20:36:51,Coconut 3rd config (2nd run),Coconut 3rd config,,,,3.5,floating,,,adjacent,high,100,30,16,10,72.6317,100,27,54,0.000366415,2.49636,complete,20260916-202757-coconut-3rd-config-2nd-run,-0.0847573,233.381,-0.14178,0.597808,6762df5-dirty,20260916-203651-coconut-3rd-config-2nd-run
20260916-205707-coconut-3rd-config-3nd-run-fixed-7e-8e,2026-09-16T20:57:07,Coconut 3rd config (3nd run-fixed 7E/8E),Coconut 3rd config,,,,3.5,floating,,,adjacent,high,100,30,16,10,69.2791,99.9863,26,54,0.000481254,2.31532,complete,,,,,,6762df5-dirty,20260916-205707-coconut-3rd-config-3nd-run-fixed-7e-8e
20260916-210335-coconut-3rd-config-3nd-run-fixed-7e-8e,2026-09-16T21:03:35,Coconut 3rd config (3nd run-fixed 7E/8E),Coconut 3rd config,,,,3.5,floating,,,adjacent,high,100,30,16,10,68.6164,99.6831,26,54,0.000422684,1.75072,complete,20260916-205707-coconut-3rd-config-3nd-run-fixed-7e-8e,-0.168502,250.77,-0.0885051,1.90387,6762df5-dirty,20260916-210335-coconut-3rd-config-3nd-run-fixed-7e-8e
20260916-212124-coconut-4th-config-3nd-run-fixed-7e-8e,2026-09-16T21:21:24,Coconut 4th config (3nd run-fixed 7E/8E),Coconut 3rd config,,,,3.5,floating,,,adjacent,high,400,30,16,0,,,,,,,cancelled,20260916-205707-coconut-3rd-config-3nd-run-fixed-7e-8e,,,,,6762df5-dirty,20260916-212124-coconut-4th-config-3nd-run-fixed-7e-8e
20260916-212705-coconut-4th-config-3nd-run-fixed-7e-8e,2026-09-16T21:27:05,Coconut 4th config (3nd run-fixed 7E/8E),Coconut 3rd config,,,,3.5,floating,,,adjacent,high,400,30,16,10,67.6867,99.3059,26,54,0.000121387,0.69577,complete,,,,,,6762df5-dirty,20260916-212705-coconut-4th-config-3nd-run-fixed-7e-8e
20260916-213519-coconut-4th-config-2nd-run-fixed-7e-8e,2026-09-16T21:35:19,Coconut 4th config  (2nd run fixed 7E/8E),Coconut 3rd config,,,,3.5,floating,,,adjacent,high,400,30,16,0,,,,,,,cancelled,20260916-212705-coconut-4th-config-3nd-run-fixed-7e-8e,,,,,6762df5-dirty,20260916-213519-coconut-4th-config-2nd-run-fixed-7e-8e
20260916-213559-coconut-4th-config-2nd-run-fixed-7e-8e,2026-09-16T21:35:59,Coconut 4th config  (2nd run fixed 7E/8E),Coconut 3rd config,,,,3.5,floating,,,adjacent,high,400,30,16,10,64.6431,99.7975,26,54,0.000108876,0.489959,complete,,,,,,6762df5-dirty,20260916-213559-coconut-4th-config-2nd-run-fixed-7e-8e
20260916-215304-coconut-4th-config-2nd-run-fixed-7e-8e,2026-09-16T21:53:04,Coconut 4th config  (2nd run fixed 7E/8E),Coconut 3rd config,,,,3.5,floating,,,adjacent,high,400,30,16,10,65.98,99.2892,26,54,0.000121186,0.662052,complete,20260916-213559-coconut-4th-config-2nd-run-fixed-7e-8e,0.105466,223.101,-0.0828416,1.2731,6762df5-dirty,20260916-215304-coconut-4th-config-2nd-run-fixed-7e-8e
20260916-224244-coconut-4th-config-2nd-run-fixed-7e-8e,2026-09-16T22:42:44,Coconut 4th config  (2nd run fixed 7E/8E),Coconut 3rd config,,,,3.5,floating,,,adjacent,high,400,30,16,0,,,,,,,cancelled,20260916-213559-coconut-4th-config-2nd-run-fixed-7e-8e,,,,,6762df5-dirty,20260916-224244-coconut-4th-config-2nd-run-fixed-7e-8e
20260916-224411-coconut-4th-config-2nd-run-fixed-7e-8e,2026-09-16T22:44:11,Coconut 4th config  (2nd run fixed 7E/8E),Coconut 3rd config,,,,3.5,floating,,,adjacent,high,400,30,16,0,,,,,,,cancelled,,,,,,6762df5-dirty,20260916-224411-coconut-4th-config-2nd-run-fixed-7e-8e
20260916-224546-saline-tank-400-dac-30-ms-16-5-10,2026-09-16T22:45:46,Saline Tank (400 DAC 30 ms 16 5 10),Coconut 3rd config,,,,3.5,floating,,,adjacent,high,400,30,16,10,72.8008,99.9685,31,54,0.000128851,5.96479,complete,,,,,,6762df5-dirty,20260916-224546-saline-tank-400-dac-30-ms-16-5-10
20260916-225827-saline-tank-400-dac-30-ms-16-5-10,2026-09-16T22:58:27,Saline Tank (400 DAC 30 ms 16 5 10),Coconut 3rd config,,,,3.5,floating,,,adjacent,high,400,30,16,0,,,,,,,cancelled,20260916-224546-saline-tank-400-dac-30-ms-16-5-10,,,,,6762df5-dirty,20260916-225827-saline-tank-400-dac-30-ms-16-5-10
20260916-225903-saline-tank-400-dac-30-ms-16-5-10,2026-09-16T22:59:03,Saline Tank (400 DAC 30 ms 16 5 10),Coconut 3rd config,,,,3.5,floating,,,adjacent,high,400,30,16,10,70.1979,99.897,29,54,8.16223e-05,4.25884,complete,20260916-224546-saline-tank-400-dac-30-ms-16-5-10,-0.0463721,120.258,-0.0558497,0.830301,6762df5-dirty,20260916-225903-saline-tank-400-dac-30-ms-16-5-10
20260916-230725-saline-tank-100-dac-30-ms-16-5-10,2026-09-16T23:07:25,Saline Tank (100 DAC 30 ms 16 5 10),Coconut 3rd config,,,,3.5,floating,,,adjacent,high,100,30,16,10,81.294,99.8428,30,54,0.000330755,10.178,complete,,,,,,6762df5-dirty,20260916-230725-saline-tank-100-dac-30-ms-16-5-10
20260916-231527-saline-tank-100-dac-30-ms-16-5-10,2026-09-16T23:15:27,Saline Tank (100 DAC 30 ms 16 5 10),Coconut 3rd config,,,,3.5,floating,,,adjacent,high,100,30,16,10,81.1678,99.8659,29,54,0.000379639,12.2605,complete,20260916-230725-saline-tank-100-dac-30-ms-16-5-10,-0.0443336,235.531,-0.0526257,0.842432,6762df5-dirty,20260916-231527-saline-tank-100-dac-30-ms-16-5-10
20260916-232555-saline-tank-200-dac-30-ms-16-5-10,2026-09-16T23:25:55,Saline Tank (200 DAC 30 ms 16 5 10),Coconut 3rd config,,,,3.5,grounded,,,adjacent,high,200,30,16,0,,,,,,,cancelled,20260916-230725-saline-tank-100-dac-30-ms-16-5-10,,,,,6762df5-dirty,20260916-232555-saline-tank-200-dac-30-ms-16-5-10
20260916-232633-saline-tank-200-dac-30-ms-16-5-10,2026-09-16T23:26:33,Saline Tank (200 DAC 30 ms 16 5 10),Coconut 3rd config,,,,3.5,grounded,,,adjacent,high,200,30,16,10,79.0807,99.8276,29,54,0.000183858,8.85682,complete,,,,,,6762df5-dirty,20260916-232633-saline-tank-200-dac-30-ms-16-5-10
20260916-233452-saline-tank-200-dac-30-ms-16-5-10,2026-09-16T23:34:52,Saline Tank (200 DAC 30 ms 16 5 10),Coconut 3rd config,,,,3.5,grounded,Wood near e6 e7,,adjacent,high,200,30,16,10,73.7136,99.7601,29,54,0.000182805,6.20801,complete,20260916-232633-saline-tank-200-dac-30-ms-16-5-10,-0.0534539,177.255,-0.0669908,0.797929,6762df5-dirty,20260916-233452-saline-tank-200-dac-30-ms-16-5-10
20260916-235230-saline-tank-100-dac-30-ms-16-5-10-2nd,2026-09-16T23:52:30,Saline Tank (100 DAC 30 ms 16 5 10) 2nd,Coconut 3rd config,,,,3.5,unknown,Wood near e6 e7,,adjacent,high,100,30,16,10,85.4147,99.8525,28,54,0.000652963,22.6168,complete,,,,,,6762df5-dirty,20260916-235230-saline-tank-100-dac-30-ms-16-5-10-2nd
20260917-000302-saline-tank-100-dac-30-ms-16-5-10-2nd,2026-09-17T00:03:02,Saline Tank (100 DAC 30 ms 16 5 10) 2nd,Coconut 3rd config,,,,3.5,unknown,Wood near e6 e7,,adjacent,high,100,30,16,10,74.3275,99.9548,31,54,0.000388499,16.398,complete,20260916-235230-saline-tank-100-dac-30-ms-16-5-10-2nd,-0.566852,118.97,-0.30598,1.85258,6762df5-dirty,20260917-000302-saline-tank-100-dac-30-ms-16-5-10-2nd
20260917-105827-saline-v2-dac-100-30-ms-16-5-10,2026-09-17T10:58:27,Saline-v2 (DAC 100 30 ms 16 5 10),Saline Tank,,,,,unknown,,,adjacent,high,100,30,16,10,91.9648,99.9534,25,52,0.0324246,77.8982,complete,,,,,,6762df5-dirty,20260917-105827-saline-v2-dac-100-30-ms-16-5-10
20260917-110730-saline-v2-dac-100-30-ms-16-5-10,2026-09-17T11:07:30,Saline-v2 (DAC 100 30 ms 16 5 10),Saline Tank,,,,,unknown,,,adjacent,high,100,30,16,10,90.6183,99.9496,17,51,0.00975473,20.8752,complete,20260917-105827-saline-v2-dac-100-30-ms-16-5-10,-4.30021,265.78,3.02373,1.42216,6762df5-dirty,20260917-110730-saline-v2-dac-100-30-ms-16-5-10
20260917-111453-saline-v2-dac-200-30-ms-16-5-10,2026-09-17T11:14:53,Saline-v2 (DAC 200 30 ms 16 5 10),Saline Tank,,,,,unknown,,,adjacent,high,200,30,16,10,89.3088,99.8905,20,52,0.00840077,23.529,complete,,,,,,6762df5-dirty,20260917-111453-saline-v2-dac-200-30-ms-16-5-10
20260917-112223-saline-v2-dac-200-30-ms-16-5-10,2026-09-17T11:22:23,Saline-v2 (DAC 200 30 ms 16 5 10),Saline Tank,,,,,unknown,,,adjacent,high,200,30,16,10,89.1915,99.9398,21,52,0.0053803,16.1883,complete,20260917-111453-saline-v2-dac-200-30-ms-16-5-10,-1.1527,178.719,-0.915172,1.25954,6762df5-dirty,20260917-112223-saline-v2-dac-200-30-ms-16-5-10
20260917-113445-saline-v2-dac-400-30-ms-16-5-10,2026-09-17T11:34:45,Saline-v2 (DAC 400 30 ms 16 5 10),Saline Tank,,,,,grounded,,,adjacent,high,400,30,16,10,93.0063,99.9631,22,53,0.00188912,12.243,complete,,,,,,6762df5-dirty,20260917-113445-saline-v2-dac-400-30-ms-16-5-10
20260917-114255-saline-v2-dac-400-30-ms-16-5-10,2026-09-17T11:42:55,Saline-v2 (DAC 400 30 ms 16 5 10),Saline Tank,,,,,grounded,,,adjacent,high,400,30,16,10,92.8643,99.9715,23,54,0.00180186,10.6767,complete,20260917-113445-saline-v2-dac-400-30-ms-16-5-10,-3.63637,149.813,-1.37159,2.65121,6762df5-dirty,20260917-114255-saline-v2-dac-400-30-ms-16-5-10
20260917-115626-saline-v2-dac-400-30-ms-16-5-10-2nd-run,2026-09-17T11:56:26,Saline-v2 (DAC 400 30 ms 16 5 10) 2nd Run,Saline Tank,,,,,grounded,,,adjacent,high,400,30,16,10,93.1629,99.9909,25,54,0.00189629,11.4067,complete,,,,,,6762df5-dirty,20260917-115626-saline-v2-dac-400-30-ms-16-5-10-2nd-run
20260917-120404-saline-v2-dac-400-30-ms-16-5-10-2nd-run,2026-09-17T12:04:04,Saline-v2 (DAC 400 30 ms 16 5 10) 2nd Run,Saline Tank,,,,,grounded,,,adjacent,high,400,30,16,10,93.6132,99.9723,26,54,0.00220708,12.0044,complete,20260917-115626-saline-v2-dac-400-30-ms-16-5-10-2nd-run,-1.71112,120.258,0.462654,3.6985,6762df5-dirty,20260917-120404-saline-v2-dac-400-30-ms-16-5-10-2nd-run
20260917-121302-saline-v2-dac-400-30-ms-16-5-10-3rd-run,2026-09-17T12:13:02,Saline-v2 (DAC 400 30 ms 16 5 10) 3rd Run,Saline Tank,,,,,unknown,,,adjacent,high,400,30,16,10,95.3597,99.9954,23,54,0.0170287,45.541,complete,,,,,,6762df5-dirty,20260917-121302-saline-v2-dac-400-30-ms-16-5-10-3rd-run
20260917-122049-saline-v2-dac-400-30-ms-16-5-10-4th-run,2026-09-17T12:20:49,Saline-v2 (DAC 400 30 ms 16 5 10) 4th Run,Saline Tank,,,,,unknown,,,adjacent,high,400,30,16,10,93.718,99.995,30,54,0.00229362,11.8325,complete,,,,,,6762df5-dirty,20260917-122049-saline-v2-dac-400-30-ms-16-5-10-4th-run
20260917-122846-saline-v2-dac-400-30-ms-16-5-10-4th-run,2026-09-17T12:28:46,Saline-v2 (DAC 400 30 ms 16 5 10) 4th Run,Saline Tank,,,,,unknown,,,adjacent,high,400,30,16,10,95.4257,99.9832,29,54,0.00244498,11.7349,complete,20260917-122049-saline-v2-dac-400-30-ms-16-5-10-4th-run,1.05001,136.302,-0.287387,3.65365,6762df5-dirty,20260917-122846-saline-v2-dac-400-30-ms-16-5-10-4th-run
20260917-125011-5th-2nd-saline,2026-09-17T12:50:11,5th 2nd saline,saline tank,,,,,unknown,,,adjacent,high,400,30,16,10,94.7725,99.9974,29,54,0.00217467,13.4649,complete,,,,,,6762df5-dirty,20260917-125011-5th-2nd-saline
20260917-125901-5th-2nd-saline,2026-09-17T12:59:01,5th 2nd saline,saline tank,,,,,unknown,,,adjacent,high,400,30,16,5,94.5768,99.9992,27,54,0.00161031,11.0284,cancelled,20260917-125011-5th-2nd-saline,-0.53586,116.998,-0.436762,1.22689,6762df5-dirty,20260917-125901-5th-2nd-saline
20260917-130413-5th-2nd-saline,2026-09-17T13:04:13,5th 2nd saline,saline tank,,,,,unknown,,,adjacent,high,400,30,16,10,93.9531,99.9989,28,54,0.00204917,12.3699,complete,20260917-125011-5th-2nd-saline,-0.791637,118.97,-0.436762,1.81252,6762df5-dirty,20260917-130413-5th-2nd-saline
20260917-135758-saline-6th-400,2026-09-17T13:57:58,saline 6th 400,saline tank,,,,,unknown,,,adjacent,high,400,30,16,10,91.4238,99.9708,26,53,0.00582988,20.2718,complete,,,,,,6762df5-dirty,20260917-135758-saline-6th-400
20260917-140547-saline-6th-400,2026-09-17T14:05:47,saline 6th 400,saline tank,,,,,unknown,,,adjacent,high,400,30,16,10,91.1029,99.9512,27,53,0.00583419,15.4264,complete,20260917-135758-saline-6th-400,-5.70504,352.413,-8.35297,0.682995,6762df5-dirty,20260917-140547-saline-6th-400
20260917-160702-recep-check,2026-09-17T16:07:02,recep check,saline tank,,,,,unknown,,,adjacent,high,400,30,16,10,94.179,99.9778,34,54,0.00432755,18.302,cancelled,,,,,,6762df5-dirty,20260917-160702-recep-check,
20260917-161531-recept,2026-09-17T16:15:31,recept,saline tank,,,,,unknown,,,adjacent,high,400,30,16,10,94.9391,99.9918,33,54,0.00232422,15.3528,complete,,,,,,6762df5-dirty,20260917-161531-recept,
20260917-162417-recept,2026-09-17T16:24:17,recept,saline tank,,,,,unknown,,,adjacent,high,400,30,16,10,95.7509,99.998,31,54,0.00244618,14.0832,complete,20260917-161531-recept,,,,,6762df5-dirty,20260917-162417-recept,fail
20260917-164749-recept-pt2,2026-09-17T16:47:49,recept pt2,saline tank,,,,,unknown,,,adjacent,high,400,30,16,10,96.3231,99.999,31,54,0.00298074,15.375,complete,,,,,,a0f1f6f,20260917-164749-recept-pt2,
20260917-165737-recept-pt2,2026-09-17T16:57:37,recept pt2,saline tank,,,,,unknown,,,adjacent,high,400,30,16,10,96.5906,99.9975,33,54,0.00298783,15.9054,complete,20260917-164749-recept-pt2,,,,,a0f1f6f-dirty,20260917-165737-recept-pt2,fail
20260917-170537-recept-pt2,2026-09-17T17:05:37,recept pt2,saline tank,,,,,unknown,,,adjacent,high,400,30,16,10,96.4533,99.994,32,54,0.00308717,13.5759,complete,20260917-164749-recept-pt2,-1.10583,98.6443,1.25858,0.878633,a0f1f6f-dirty,20260917-170537-recept-pt2,overridden
20260917-171516-recept-baseline,2026-09-17T17:15:16,recept baseline,saline tank,,,,,unknown,,,adjacent,high,400,30,16,10,93.3453,99.981,32,54,0.00325047,13.6699,complete,,,,,,a0f1f6f-dirty,20260917-171516-recept-baseline,
20260917-172531-recept-baseline,2026-09-17T17:25:31,recept baseline,saline tank,,,,,unknown,,,adjacent,high,400,30,16,10,93.5885,99.9767,33,54,0.00308433,14.6523,complete,20260917-171516-recept-baseline,0.990137,136.302,0.434373,2.27946,a0f1f6f-dirty,20260917-172531-recept-baseline,overridden
20260917-173832-recept-baseline,2026-09-17T17:38:32,recept baseline,saline tank,,,,,unknown,,,adjacent,high,400,30,16,10,94.1877,99.9785,31,54,0.00340743,16.2629,complete,20260917-171516-recept-baseline,1.32405,149.813,0.434373,3.04818,a0f1f6f-dirty,20260917-173832-recept-baseline,overridden
20260922-114254-tank-baseline,2026-09-22T11:42:54,tank-baseline,saline tank,,,,,unknown,,,adjacent,high,400,30,16,0,,,,,,,cancelled,,,,,,1f03fc3-dirty,20260922-114254-tank-baseline,
20260922-114327-nothing,2026-09-22T11:43:27,nothing,saline tank,,12,,,unknown,,,adjacent,high,400,30,16,10,,,,,3.67975,166.441,complete,,,,,,1f03fc3-dirty,20260922-114327-nothing,
20260922-115254-purified-saline,2026-09-22T11:52:54,purified saline,saline tank,,12,,,unknown,,,adjacent,high,400,30,16,10,74.5504,99.123,24,54,0.000444809,1.40275,complete,,,,,,1f03fc3-dirty,20260922-115254-purified-saline,
20260922-120025-purified-saline,2026-09-22T12:00:25,purified saline,saline tank,,12,,,unknown,,,adjacent,high,400,30,16,10,74.8003,99.1714,24,54,0.000295585,0.936934,complete,20260922-115254-purified-saline,,,,,1f03fc3-dirty,20260922-120025-purified-saline,fail
20260922-121022-purified-saline,2026-09-22T12:10:22,purified saline,saline tank,,12,,,unknown,,,adjacent,high,400,30,16,10,74.815,99.2087,24,54,0.00032272,1.14428,complete,20260922-115254-purified-saline,0.213427,120.258,-0.146137,1.46046,1f03fc3-dirty,20260922-121022-purified-saline,overridden
20260922-124443-resistor-belt,2026-09-22T12:44:43,resistor belt,saline tank,,12,,,unknown,,,adjacent,high,400,30,16,10,66.8217,99.0238,24,54,5.70991e-05,0.174881,complete,,,,,,1f03fc3-dirty,20260922-124443-resistor-belt,
20260922-125111-resistor-belt,2026-09-22T12:51:11,resistor belt,saline tank,,12,,,unknown,,,adjacent,high,400,30,16,10,66.7739,91.5572,24,54,4.49516e-05,0.161882,complete,20260922-124443-resistor-belt,,,,,1f03fc3-dirty,20260922-125111-resistor-belt,fail
20260922-125923-resistor-belt,2026-09-22T12:59:23,resistor belt,saline tank,,12,,,unknown,,,adjacent,high,400,30,16,10,66.411,89.0061,24,54,6.34479e-05,0.156678,complete,20260922-124443-resistor-belt,-0.136069,342.807,-0.150514,0.904028,1f03fc3-dirty,20260922-125923-resistor-belt,overridden
20260922-131912-resistor-circle,2026-09-22T13:19:12,resistor circle,saline tank,,,,,unknown,,,adjacent,high,400,30,16,10,66.5228,90.8465,25,54,4.05817e-05,0.132587,complete,,,,,,1f03fc3-dirty,20260922-131912-resistor-circle,
20260922-133221-resistor-circle,2026-09-22T13:32:21,resistor circle,saline tank,,,,,unknown,,,adjacent,high,400,30,16,10,66.4629,88.9935,25,54,3.67653e-05,0.136537,complete,20260922-131912-resistor-circle,,,,,1f03fc3-dirty,20260922-133221-resistor-circle,fail
20260922-143018-resistor-circle,2026-09-22T14:30:18,resistor circle,saline tank,,,,,unknown,,,adjacent,high,400,30,16,10,0.0661513,0.312464,0,54,2.54075e-05,0.138955,complete,,,,,,1f03fc3-dirty,20260922-143018-resistor-circle,
20260922-143652-resistor-circle,2026-09-22T14:36:52,resistor circle,saline tank,,,,,unknown,,,adjacent,high,400,30,16,10,0.083809,0.295233,0,54,2.81632e-05,0.153648,complete,20260922-143018-resistor-circle,-0.00149951,314.58,0.000577697,2.59567,1f03fc3-dirty,20260922-143652-resistor-circle,pass
20260922-145115-purified-saline,2026-09-22T14:51:15,purified saline,purified saline tank,,,,15,grounded,,,adjacent,high,400,30,16,10,12.1163,91.8552,3,54,0.000146671,1.06409,complete,,,,,,1f03fc3-dirty,20260922-145115-purified-saline,
20260922-145825-purified-saline,2026-09-22T14:58:25,purified saline,purified saline tank,,,,15,grounded,wood at e9 and e8,,adjacent,high,400,30,16,10,11.4843,96.057,2,54,0.000121528,0.992364,complete,20260922-145115-purified-saline,,,,,1f03fc3-dirty,20260922-145825-purified-saline,fail
20260922-150439-purified-saline,2026-09-22T15:04:39,purified saline,purified saline tank,,,,15,unknown,wood at e9 and e8,,adjacent,high,400,30,16,10,9.85785,99.312,4,54,0.000121117,0.803564,complete,20260922-145115-purified-saline,,,,,1f03fc3-dirty,20260922-150439-purified-saline,fail
20260922-151800-purified-saline-2,2026-09-22T15:18:00,purified saline 2,purified saline tank,,,,15,unknown,,,adjacent,high,400,30,16,10,11.1782,99.4338,3,54,0.000116812,0.971965,complete,,,,,,1f03fc3-dirty,20260922-151800-purified-saline-2,
20260922-152422-purified-saline-2,2026-09-22T15:24:22,purified saline 2,purified saline tank,,,,15,unknown,wood at e5 e4,,adjacent,high,400,30,16,10,8.84088,98.7732,4,54,0.000123205,0.900287,complete,20260922-151800-purified-saline-2,,,,,1f03fc3-dirty,20260922-152422-purified-saline-2,fail
20260922-153116-purified-saline-2,2026-09-22T15:31:16,purified saline 2,purified saline tank,,,,15,unknown,wood at e5 e4,,adjacent,high,400,30,16,10,9.10905,98.7525,3,54,0.00012254,0.878122,complete,20260922-151800-purified-saline-2,,,,,1f03fc3-dirty,20260922-153116-purified-saline-2,fail
20260922-154523-tank-baseline-purified-saline,2026-09-22T15:45:23,tank-baseline purified saline,purified saline tank,,,,15,unknown,,,adjacent,high,400,30,16,10,11.2994,95.4266,4,54,0.00079302,7.968,complete,,,,,,1f03fc3-dirty,20260922-154523-tank-baseline-purified-saline,
20260922-155222-tank-baseline-purified-saline,2026-09-22T15:52:22,tank-baseline purified saline,purified saline tank,,,,15,unknown,wood at e11 e12,wood at e11 e12,adjacent,high,400,30,16,10,11.1998,95.238,4,54,0.00108296,9.75012,complete,20260922-154523-tank-baseline-purified-saline,-0.340105,227.04,-0.304373,1.1174,1f03fc3-dirty,20260922-155222-tank-baseline-purified-saline,pass
20260922-160329-tank-baseline-purified-saline-2,2026-09-22T16:03:29,tank-baseline purified saline 2,purified saline tank,,,,15,unknown,,,adjacent,high,400,30,16,10,13.7868,99.5443,2,54,0.000113605,0.941124,complete,,,,,,1f03fc3-dirty,20260922-160329-tank-baseline-purified-saline-2,
20260922-161130-tank-baseline-purified-saline-2,2026-09-22T16:11:30,tank-baseline purified saline 2,purified saline tank,,,,15,unknown,wood at 7,wood at 7,adjacent,high,400,30,16,10,15.3065,98.5478,3,54,0.000119873,0.917578,complete,20260922-160329-tank-baseline-purified-saline-2,,,,,1f03fc3-dirty,20260922-161130-tank-baseline-purified-saline-2,fail
20260922-161930-tank-baseline-purified-saline-2,2026-09-22T16:19:30,tank-baseline purified saline 2,purified saline tank,,,,15,unknown,wood at 7,wood at 7,adjacent,high,400,30,16,10,15.3397,99.3451,3,54,0.000126182,1.01437,complete,20260922-160329-tank-baseline-purified-saline-2,,,,,1f03fc3-dirty,20260922-161930-tank-baseline-purified-saline-2,fail
20260922-163844-tank-baseline-purified-saline-3,2026-09-22T16:38:44,tank-baseline purified saline 3,purified saline tank,,,,15,unknown,,,adjacent,high,400,30,16,10,10.5737,94.2829,3,54,0.000130743,1.12611,complete,,,,,,f21cc1a,20260922-163844-tank-baseline-purified-saline-3,
20260922-164503-tank-baseline-purified-saline-3,2026-09-22T16:45:03,tank-baseline purified saline 3,purified saline tank,,,,15,unknown,wood at 9,wood at 9,adjacent,high,400,30,16,10,10.0284,97.2873,3,54,0.000123903,0.921274,complete,20260922-163844-tank-baseline-purified-saline-3,-0.26293,307.391,-0.0126535,20.7792,f21cc1a-dirty,20260922-164503-tank-baseline-purified-saline-3,pass
20260922-165250-tank-baseline-purified-saline-4,2026-09-22T16:52:50,tank-baseline purified saline 4,purified saline tank,,,,15,unknown,,,adjacent,high,400,30,16,10,11.4056,90.8159,3,54,0.000120204,0.986557,complete,,,,,,f21cc1a-dirty,20260922-165250-tank-baseline-purified-saline-4,
20260922-165929-tank-baseline-purified-saline-4,2026-09-22T16:59:29,tank-baseline purified saline 4,purified saline tank,,,,15,unknown,steel rod at e5,steel rod at e5,adjacent,high,400,30,16,10,14.053,97.5321,2,54,0.000115861,1.04634,complete,20260922-165250-tank-baseline-purified-saline-4,0.244317,120.258,0.0106344,22.9742,f21cc1a-dirty,20260922-165929-tank-baseline-purified-saline-4,pass
20260922-171315-tank-baseline-purified-saline-5,2026-09-22T17:13:15,tank-baseline purified saline 5,purified saline tank,,,,15,unknown,,,adjacent,high,400,30,16,10,13.816,95.5064,2,54,0.000144515,1.18061,complete,,,,,,f21cc1a-dirty,20260922-171315-tank-baseline-purified-saline-5,
20260922-172126-tank-baseline-purified-saline-5,2026-09-22T17:21:26,tank-baseline purified saline 5,purified saline tank,,,,15,unknown,steel rod at e10 & wood at e5,steel rod at e10 & wood at e5,adjacent,high,400,30,16,10,13.2168,97.5618,2,54,0.00011951,1.11341,complete,20260922-171315-tank-baseline-purified-saline-5,-0.219333,55.9475,0.0149999,14.6223,f21cc1a-dirty,20260922-172126-tank-baseline-purified-saline-5,pass
20260922-173115-tank-baseline-purified-saline-6,2026-09-22T17:31:15,tank-baseline purified saline 6,purified saline tank,,,,15,unknown,,,adjacent,high,400,30,16,10,13.4644,95.5574,2,54,0.000123502,1.04417,complete,,,,,,f21cc1a-dirty,20260922-173115-tank-baseline-purified-saline-6,
20260922-173939-tank-baseline-purified-saline-6,2026-09-22T17:39:39,tank-baseline purified saline 6,purified saline tank,,,,15,unknown,wood at 6 and 12,wood at 6 and 12,adjacent,high,400,30,16,10,13.8059,98.6048,4,54,0.000141066,0.982212,complete,20260922-173115-tank-baseline-purified-saline-6,-0.256941,28.1536,-0.0139392,18.4329,f21cc1a-dirty,20260922-173939-tank-baseline-purified-saline-6,pass
20260922-174813-tank-baseline-purified-saline-6,2026-09-22T17:48:13,tank-baseline purified saline 6,purified saline tank,,,,15,unknown,wood removed,wood removed,adjacent,high,400,30,16,10,13.8547,99.8883,4,54,0.00011139,1.08365,complete,20260922-173115-tank-baseline-purified-saline-6,0.465651,149.813,-0.0139392,33.4058,f21cc1a-dirty,20260922-174813-tank-baseline-purified-saline-6,pass
20260923-120824-reistor-belt-sanity-test,2026-09-23T12:08:24,reistor belt sanity test,saline tank,,,,,unknown,,,adjacent,high,400,30,16,10,0.571045,80.3507,0,54,0.000547067,2.95347,complete,,,,,,27566a7-dirty,20260923-120824-reistor-belt-sanity-test,
20260923-121430-reistor-belt-sanity-test,2026-09-23T12:14:30,reistor belt sanity test,saline tank,,,,,unknown,,,adjacent,high,400,30,16,10,1.12245,87.1314,1,53,8.08999e-05,0.447642,complete,20260923-120824-reistor-belt-sanity-test,0.0950951,281.826,-0.45993,0.20676,27566a7-dirty,20260923-121430-reistor-belt-sanity-test,pass
20260923-122941-reistor-belt-sanity-test,2026-09-23T12:29:41,reistor belt sanity test,saline tank,,,,,unknown,,,adjacent,high,400,30,16,5,0.12467,0.98259,0,54,2.68029e-05,0.146293,cancelled,20260923-120824-reistor-belt-sanity-test,-0.474703,283.569,-0.45993,1.03212,27566a7-dirty,20260923-122941-reistor-belt-sanity-test,pass
20260923-123325-reistor-belt-sanity-test,2026-09-23T12:33:25,reistor belt sanity test,saline tank,,,,,unknown,,,adjacent,high,400,30,16,10,0.0886912,0.296481,0,54,2.50123e-05,0.137097,complete,20260923-122941-reistor-belt-sanity-test,0.00101106,203.747,-0.00209634,0.482296,27566a7-dirty,20260923-123325-reistor-belt-sanity-test,pass
20260923-124808-coconut-tree-1,2026-09-23T12:48:08,coconut tree #1,saline tank,,,,,unknown,,,adjacent,high,400,30,16,10,3.406,78.3855,0,54,8.59682e-05,0.722549,complete,,,,,,27566a7-dirty,20260923-124808-coconut-tree-1,
20260923-125411-coconut-tree-1,2026-09-23T12:54:11,coconut tree #1,saline tank,,,,,unknown,,,adjacent,high,400,30,16,10,3.72952,82.3851,0,54,8.57373e-05,0.79285,complete,20260923-124808-coconut-tree-1,0.00378776,290.935,0.00263706,1.43636,27566a7-dirty,20260923-125411-coconut-tree-1,pass
20260923-153958-coconuttree-1,2026-09-23T15:39:58,coconuttree #1,saline tank,,,,,unknown,,,adjacent,high,400,30,16,10,3.00614,42.3765,1,54,0.000101259,0.844968,complete,,,,,,27566a7-dirty,20260923-153958-coconuttree-1,,,,,,
20260923-154838-coconuttree-1,2026-09-23T15:48:38,coconuttree #1,saline tank,,,,,unknown,,,adjacent,high,400,30,16,10,3.4939,41.2307,1,54,0.000109569,0.904215,complete,20260923-153958-coconuttree-1,-0.00450645,270.542,0.00335387,1.34365,27566a7-dirty,20260923-154838-coconuttree-1,pass,,,,,73
20260923-155830-coconuttree-1,2026-09-23T15:58:30,coconuttree #1,saline tank,,,,,unknown,,,adjacent,high,500,30,16,10,2.77332,70.2561,0,54,7.42814e-05,0.590617,complete,,,,,,27566a7-dirty,20260923-155830-coconuttree-1,,,,,,73
20260923-160402-coconuttree-1,2026-09-23T16:04:02,coconuttree #1,saline tank,,,,,unknown,,,adjacent,high,500,30,16,10,2.68684,65.7225,0,54,6.59177e-05,0.608863,complete,20260923-155830-coconuttree-1,-0.00260684,299.934,-0.00327823,0.795196,27566a7-dirty,20260923-160402-coconuttree-1,pass,,,,,73
20260923-161437-coconuttree-1-500-dac-32-samp,2026-09-23T16:14:37,coconuttree #1 500 dac 32 samp,saline tank,,,,,unknown,,,adjacent,high,500,30,32,10,2.99208,55.7058,0,54,5.05427e-05,0.473041,complete,,,,,,27566a7-dirty,20260923-161437-coconuttree-1-500-dac-32-samp,,,,,,73
20260923-163246-coconuttree-1-500-dac-32-samp-60-ms,2026-09-23T16:32:46,coconuttree #1 500 dac 32 samp 60 ms,saline tank,,,,,unknown,,,adjacent,high,500,60,32,10,3.13533,53.5996,0,54,4.92934e-05,0.376423,complete,,,,,,27566a7-dirty,20260923-163246-coconuttree-1-500-dac-32-samp-60-ms,,,,,,76
20260923-165616-coconuttree-1-500-dac-32-samp-30-ms,2026-09-23T16:56:16,coconuttree #1 500 dac 32 samp 30 ms,saline tank,,,,,unknown,,,adjacent,high,500,30,32,10,3.41894,48.356,0,54,4.42351e-05,0.360455,complete,20260923-163246-coconuttree-1-500-dac-32-samp-60-ms,,,,,27566a7-dirty,20260923-165616-coconuttree-1-500-dac-32-samp-30-ms,pass,,,60,,84
20260923-172036-coconuttree-1-500-dac-32-samp-30-ms-skip2,2026-09-23T17:20:36,coconuttree #1 500 dac 32 samp 30 ms - skip2,saline tank,,,,,unknown,,,skip-2,high,500,30,32,1,,,,,,,cancelled,,,,,,27566a7-dirty,20260923-172036-coconuttree-1-500-dac-32-samp-30-ms-skip2,,,,60,,84
20260923-172638-coconuttree-1-500-dac-32-samp-30-ms,2026-09-23T17:26:38,coconuttree #1 500 dac 32 samp 30 ms,saline tank,,,,,unknown,,,adjacent,high,500,30,32,9,3.34065,55.7867,0,54,5.60002e-05,0.472388,cancelled,20260923-172036-coconuttree-1-500-dac-32-samp-30-ms-skip2,,,,,27566a7-dirty,20260923-172638-coconuttree-1-500-dac-32-samp-30-ms,fail,,,60,,104
20260923-173819-coconuttree-1-500-dac-32-samp-30-ms,2026-09-23T17:38:19,coconuttree #1 500 dac 32 samp 30 ms,saline tank,,,,,unknown,,,adjacent,high,500,30,32,10,3.12865,53.4301,0,54,7.66068e-05,0.574138,complete,,,,,,27566a7-dirty,20260923-173819-coconuttree-1-500-dac-32-samp-30-ms,,,14,60,,104
20260923-175052-coconuttree-1-500-dac-32-samp-30-ms-skip2,2026-09-23T17:50:52,coconuttree #1 500 dac 32 samp 30 ms - skip2,saline tank,,,,,unknown,,,skip-2,high,500,30,32,10,,,,,0.000111654,0.265051,complete,20260923-173819-coconuttree-1-500-dac-32-samp-30-ms,,,,,27566a7-dirty,20260923-175052-coconuttree-1-500-dac-32-samp-30-ms-skip2,fail,,14,60,,104
20260923-180203-coconuttree-1-500-dac-32-samp-30-ms,2026-09-23T18:02:03,coconuttree #1 500 dac 32 samp 30 ms,saline tank,,,,,unknown,,,adjacent,high,500,30,32,10,2.88461,60.1767,0,54,6.15456e-05,0.457328,complete,20260923-173819-coconuttree-1-500-dac-32-samp-30-ms,0.0143469,300.291,-0.00560603,2.5592,27566a7-dirty,20260923-180203-coconuttree-1-500-dac-32-samp-30-ms,pass,,14,60,,104
20260923-182816-coconuttree-1-620-dac-32-samp-30-ms,2026-09-23T18:28:16,coconuttree #1 620 dac 32 samp 30 ms,saline tank,,,,,unknown,,,adjacent,high,620,30,32,10,2.53102,32.0484,0,54,6.33608e-05,0.546448,complete,,,,,,42aaed8,20260923-182816-coconuttree-1-620-dac-32-samp-30-ms,,,,,,
20260929-131025-sanity-check,2026-09-29T13:10:25,sanity check,saline tank,,,,,unknown,,,adjacent,high,400,30,16,10,0.0863007,99.9941,0,54,2.32576e-05,0.131733,complete,,,,,,bbc8a98-dirty,20260929-131025-sanity-check,,,,,,
20260929-132238-sanity-check,2026-09-29T13:22:38,sanity check,saline tank,,,,,unknown,,,adjacent,high,400,30,16,10,0.0720454,52.9637,0,54,2.42815e-05,0.12287,complete,20260929-131025-sanity-check,-0.00161331,249.428,0.000638277,2.5276,bbc8a98-dirty,20260929-132238-sanity-check,pass,,,,,
20260929-133733-sanity-check,2026-09-29T13:37:33,sanity check,saline tank,,,,,unknown,,,adjacent,high,400,30,16,10,0.0801422,0.313964,0,54,2.06891e-05,0.11312,complete,,,,,,bbc8a98-dirty,20260929-133733-sanity-check,,,,,,
20260929-135221-coconut-620-moisted,2026-09-29T13:52:21,coconut 620 (moisted),saline tank,,,,,unknown,,,adjacent,high,620,30,16,10,35.9345,97.6693,8,36,0.000496834,7.80042,complete,,,,,,bbc8a98-dirty,20260929-135221-coconut-620-moisted,,,,,,17
20260929-140109-coconut-620-moisted,2026-09-29T14:01:09,coconut 620 (moisted),saline tank,,,,,unknown,,,adjacent,high,620,30,16,1,35.3059,97.0541,11,36,,,complete,20260929-135221-coconut-620-moisted,,,,,bbc8a98-dirty,20260929-140109-coconut-620-moisted,fail,,,,,17
20260929-141252-coconut-620-moisted,2026-09-29T14:12:52,coconut 620 (moisted),saline tank,,,,,unknown,,,adjacent,high,620,30,16,1,46.6403,99.598,15,54,,,complete,,,,,,bbc8a98-dirty,20260929-141252-coconut-620-moisted,,,,,,17
20260929-141536-coconut-620-moisted,2026-09-29T14:15:36,coconut 620 (moisted),saline tank,,,,,unknown,,,adjacent,high,620,30,16,0,,,,,,,cancelled,20260929-141252-coconut-620-moisted,,,,,bbc8a98-dirty,20260929-141536-coconut-620-moisted,,,,,,17
20260929-141611-coconut-620-moisted,2026-09-29T14:16:11,coconut 620 (moisted),saline tank,,,,,unknown,,,adjacent,high,620,30,16,10,22.6272,99.239,11,54,0.000792157,14.1883,complete,,,,,,bbc8a98-dirty,20260929-141611-coconut-620-moisted,,,,,,17
20260929-142832-coconut-620-moisted,2026-09-29T14:28:32,coconut 620 (moisted),saline tank,,,,,unknown,,,adjacent,high,620,30,16,10,35.3203,94.8578,9,54,0.000708909,13.6118,complete,20260929-141611-coconut-620-moisted,,,,,bbc8a98-dirty,20260929-142832-coconut-620-moisted,fail,,,,,17
20260929-143805-coconut-620-moisted-32-samples,2026-09-29T14:38:05,coconut 620 (moisted) 32 samples,saline tank,,,,,unknown,,,adjacent,high,620,30,32,10,18.6835,95.9371,11,54,0.00106793,22.328,complete,,,,,,bbc8a98-dirty,20260929-143805-coconut-620-moisted-32-samples,,,,,,17
20260929-145046-coconut-620-moisted-32-samples,2026-09-29T14:50:46,coconut 620 (moisted) 32 samples,saline tank,,,,,unknown,,,adjacent,high,620,30,32,10,25.3147,94.4855,9,54,0.000628404,11.512,complete,20260929-143805-coconut-620-moisted-32-samples,,,,,bbc8a98-dirty,20260929-145046-coconut-620-moisted-32-samples,fail,,,,,17
20260929-151207-coconut-620-moisted-32-samples,2026-09-29T15:12:07,coconut 620 (moisted) 32 samples,saline tank,,,,,unknown,,,adjacent,high,620,30,32,10,20.7284,94.3267,9,54,0.000128676,3.05017,complete,20260929-143805-coconut-620-moisted-32-samples,-0.116531,238.193,0.154891,0.752343,bbc8a98-dirty,20260929-151207-coconut-620-moisted-32-samples,overridden,,,,,17
20260929-153440-coconut-620-dry-32-samples,2026-09-29T15:34:40,coconut 620 (dry) 32 samples,saline tank,,,,,unknown,,,adjacent,high,620,30,32,10,4.12509,39.1373,0,54,5.44182e-05,0.448884,complete,,,,,,bbc8a98-dirty,20260929-153440-coconut-620-dry-32-samples,,,,,,17
20260929-154607-coconut-620-dry-32-samples,2026-09-29T15:46:07,coconut 620 (dry) 32 samples,saline tank,,,,,unknown,,,adjacent,high,620,30,32,10,4.37747,40.5671,0,54,5.68399e-05,0.500364,complete,20260929-153440-coconut-620-dry-32-samples,0.00818038,239.34,0.00409878,1.99581,bbc8a98-dirty,20260929-154607-coconut-620-dry-32-samples,pass,,,,,17
20260929-160743-coconut-620-dry-32-samples,2026-09-29T16:07:43,coconut 620 (dry) 32 samples,saline tank,,,,,unknown,,,adjacent,high,620,30,32,10,4.53158,42.4516,0,54,5.36037e-05,0.414024,complete,,,,,,bbc8a98-dirty,20260929-160743-coconut-620-dry-32-samples,,,,,,52
20260929-162756-coconut-620-dry-32-samples,2026-09-29T16:27:56,coconut 620 (dry) 32 samples,saline tank,,,,,unknown,,,adjacent,high,620,30,32,10,4.74148,49.5308,0,54,6.63007e-05,0.488528,complete,20260929-160743-coconut-620-dry-32-samples,0.0159223,357.197,-0.00447647,3.55688,bbc8a98-dirty,20260929-162756-coconut-620-dry-32-samples,pass,,,,,52
20260929-165833-coconut-620-dry-32-samples,2026-09-29T16:58:33,coconut 620 (dry) 32 samples,saline tank,,,,,unknown,,,adjacent,high,620,30,32,10,4.78303,50.7925,0,36,0.000100407,0.712957,complete,20260929-160743-coconut-620-dry-32-samples,0.615995,300.291,-0.00447647,137.607,bbc8a98-dirty,20260929-165833-coconut-620-dry-32-samples,pass,,,,,52
20260929-172528-coconut-620-dry-32-samples,2026-09-29T17:25:28,coconut 620 (dry) 32 samples,saline tank,,,,,unknown,,,adjacent,high,620,30,32,10,4.90744,54.9989,0,54,6.64209e-05,0.537647,complete,20260929-160743-coconut-620-dry-32-samples,-0.0264267,320.211,-0.00447647,5.90348,bbc8a98-dirty,20260929-172528-coconut-620-dry-32-samples,pass,,,,,52
20261001-145638-resistor-belt-baseline,2026-10-01T14:56:38,resistor-belt-baseline,resistor belt,,,,,unknown,,,adjacent,high,400,30,16,10,0.0945182,0.263548,0,54,2.86595e-05,0.158687,complete,,,,,,b059058-dirty,20261001-145638-resistor-belt-baseline,,,,,,
20261001-151200-cut-disc-intact,2026-10-01T15:12:00,cut-disc-intact,cut disc,,,,,unknown,,,adjacent,high,620,30,32,10,63.9637,99.916,8,36,0.00151447,38.5536,complete,,,,,,b059058-dirty,20261001-151200-cut-disc-intact,,,,,,1
20261001-155316-coco-disk-3,2026-10-01T15:53:16,coco-disk-3,unknown,,,,,unknown,,,adjacent,high,620,30,32,10,15.2581,84.7328,5,54,0.000513118,16.04,complete,,,,,,b059058-dirty,20261001-155316-coco-disk-3,,,,,,
20261001-161511-coco-disk-3,2026-10-01T16:15:11,coco-disk-3,cut disc,,,,,unknown,,,adjacent,high,620,30,32,10,16.6027,93.0468,6,54,0.000529748,15.4165,complete,20261001-155316-coco-disk-3,,,,,b059058-dirty,20261001-161511-coco-disk-3,fail,disc-03,,,,
20261001-163035-coco-disk-2,2026-10-01T16:30:35,coco-disk-2,cut disc,,,,,unknown,,,adjacent,high,620,30,32,10,32.283,94.9677,10,54,0.000874829,20.3134,complete,,,,,,b059058-dirty,20261001-163035-coco-disk-2,,disc-02,,,,2
20261001-164149-coco-disk-2,2026-10-01T16:41:49,coco-disk-2,cut disc,,,,,unknown,,,adjacent,high,620,30,32,10,31.1071,96.9654,11,54,0.00123096,23.7212,complete,20261001-163035-coco-disk-2,,,,,b059058-dirty,20261001-164149-coco-disk-2,fail,disc-02,,,,2
20261001-165937-coco-disk-5,2026-10-01T16:59:37,coco-disk-5,cut disc,,,,,unknown,,,adjacent,high,620,30,32,7,55.3097,99.5143,11,36,0.000740361,17.5139,cancelled,,,,,,b059058-dirty,20261001-165937-coco-disk-5,,disc-05,,,,2
20261001-171006-coco-disk-5,2026-10-01T17:10:06,coco-disk-5,cut disc,,,,,unknown,,,adjacent,high,620,30,32,10,24.8842,95.6654,9,54,0.000182774,6.6725,complete,,,,,,b059058-dirty,20261001-171006-coco-disk-5,,disc-05,,,,2
20261001-171931-coco-disk-5,2026-10-01T17:19:31,coco-disk-5,cut disc,,,,,unknown,,,adjacent,high,620,30,32,10,34.2351,95.9102,12,54,0.000153541,4.75851,complete,20261001-171006-coco-disk-5,,,,,b059058-dirty,20261001-171931-coco-disk-5,fail,disc-05,,,,2
20261001-173658-coco-disk-06,2026-10-01T17:36:58,coco-disk-06,cut disc,,,,,unknown,,,adjacent,high,620,30,32,10,12.7027,90.7474,4,54,6.95409e-05,1.91809,complete,,,,,,b059058-dirty,20261001-173658-coco-disk-06,,disc-06,,,,2
20261001-174848-coco-disk-06,2026-10-01T17:48:48,coco-disk-06,cut disc,,,,,unknown,,,adjacent,high,620,30,32,10,10.5217,99.1866,3,54,4.32042e-05,1.13332,complete,20261001-173658-coco-disk-06,-0.0182424,293.086,-0.0108051,1.68832,b059058-dirty,20261001-174848-coco-disk-06,pass,disc-06,,,,2
20261001-180429-coco-disk-07,2026-10-01T18:04:29,coco-disk-07,cut disc,,,,,unknown,,,adjacent,high,620,30,32,10,39.1821,97.3205,13,54,0.000242373,7.20416,complete,,,,,,b059058-dirty,20261001-180429-coco-disk-07,,disc-07,,,,2
20261001-183134-coco-disk-07,2026-10-01T18:31:34,coco-disk-07,cut disc,,,,,unknown,,,adjacent,high,620,30,32,10,44.5908,97.5745,12,54,0.000147697,5.49111,complete,20261001-180429-coco-disk-07,,,,,b059058-dirty,20261001-183134-coco-disk-07,fail,disc-07,,,,2
20261001-185058-coco-disk-07,2026-10-01T18:50:58,coco-disk-07,cut disc,,,,,unknown,,,adjacent,high,620,30,32,10,48.401,99.6282,14,54,0.000205139,6.07121,complete,,,,,,b059058-dirty,20261001-185058-coco-disk-07,,disc-07,,,,2
20261001-190226-coco-disk-07,2026-10-01T19:02:26,coco-disk-07,cut disc,,,,,unknown,,,adjacent,high,620,30,32,10,45.9937,98.623,13,54,0.000130837,3.49969,complete,20261001-185058-coco-disk-07,,,,,b059058-dirty,20261001-190226-coco-disk-07,fail,disc-07,,,,2
20261001-192137-coco-disk-08,2026-10-01T19:21:37,coco-disk-08,cut disc,,,,,unknown,,,adjacent,high,620,30,32,5,50.9862,95.7248,11,36,0.00167955,6.77993,cancelled,,,,,,b059058-dirty,20261001-192137-coco-disk-08,,disc-07,,,,2
20261001-193706-coco-disk-04,2026-10-01T19:37:06,coco-disk-04,cut disc,,,,,unknown,,,adjacent,high,620,30,32,10,34.9437,99.6724,16,54,0.000294174,8.28055,complete,,,,,,b059058-dirty,20261001-193706-coco-disk-04,,disc-07,,,,2
20261001-195034-coco-disk-04,2026-10-01T19:50:34,coco-disk-04,cut disc,,,,,unknown,,,adjacent,high,620,30,32,10,40.7197,99.6626,17,54,0.000192056,7.72316,complete,20261001-193706-coco-disk-04,,,,,b059058-dirty,20261001-195034-coco-disk-04,fail,disc-07,,,,2
20261001-202522-coco-disk-04-opp,2026-10-01T20:25:22,coco-disk-04-opp,cut disc,,,,,unknown,,,opposite,high,620,30,32,0,,,,,,,cancelled,20261001-193706-coco-disk-04,,,,,b059058-dirty,20261001-202522-coco-disk-04-opp,,disc-07,,,,2
20261001-204339-coco-disk-04-opp,2026-10-01T20:43:39,coco-disk-04-opp,cut disc,,,,,unknown,,,opposite,high,620,30,32,10,,,,,0.000190677,1.24254,complete,,,,,,b059058-dirty,20261001-204339-coco-disk-04-opp,,disc-07,,,,2
20261001-205506-coco-disk-04-opp,2026-10-01T20:55:06,coco-disk-04-opp,cut disc,,,,,unknown,,,opposite,high,620,30,32,10,,,,,0.000239133,1.52466,complete,20261001-204339-coco-disk-04-opp,,,,,b059058-dirty,20261001-205506-coco-disk-04-opp,fail,disc-07,,,1,2
20261001-211735-coco-disk-04-opp,2026-10-01T21:17:35,coco-disk-04-opp,cut disc,,,,,unknown,,,opposite,high,620,30,32,10,,,,,0.000230881,1.50212,complete,20261001-204339-coco-disk-04-opp,-0.0520283,329.222,0.0146229,3.558,b059058-dirty,20261001-211735-coco-disk-04-opp,overridden,disc-07,,,1,2
20261001-224840-coco-disk-08,2026-10-01T22:48:40,coco-disk-08,unknown,,,,,unknown,,,opposite,high,620,30,32,10,,,,,9.27343e-05,0.151807,complete,20261001-204339-coco-disk-04-opp,,,,,0f45c23-dirty,20261001-224840-coco-disk-08,fail,,,,,34
20261001-230609-coco-disk-08,2026-10-01T23:06:09,coco-disk-08,unknown,,,,,unknown,,,opposite,high,620,30,32,10,,,,,9.54072e-05,0.137582,complete,20261001-204339-coco-disk-04-opp,-1.15108,151.092,0.0146229,78.7178,0f45c23-dirty,20261001-230609-coco-disk-08,overridden,,,,,34
20261001-233257-coco-disk-08-adjacent,2026-10-01T23:32:57,coco-disk-08-adjacent,unknown,,,,,unknown,,,adjacent,high,620,30,32,10,11.459,90.0298,1,54,7.87907e-05,0.795412,complete,20261001-173658-coco-disk-06,-0.629283,274.237,-0.0108051,58.2397,0f45c23-dirty,20261001-233257-coco-disk-08-adjacent,pass,,,,,34
20261002-000028-coco-disk-08-adjacent,2026-10-02T00:00:28,coco-disk-08-adjacent,unknown,,,,,unknown,,,adjacent,high,620,30,32,10,9.04405,93.4423,0,54,8.82193e-05,0.848651,complete,20261001-173658-coco-disk-06,-0.593241,274.237,-0.0108051,54.904,0f45c23-dirty,20261002-000028-coco-disk-08-adjacent,pass,,,,,34
20261002-001858-coco-disk-08-adjacent,2026-10-02T00:18:58,coco-disk-08-adjacent,unknown,,,,,unknown,,,adjacent,high,620,30,32,10,7.32889,93.7354,2,54,7.84521e-05,0.820402,complete,20261001-171006-coco-disk-5,-0.735874,274.237,-0.0304448,24.1708,0f45c23-dirty,20261002-001858-coco-disk-08-adjacent,overridden,,,,,34
20261002-003330-coco-disk-08-adjacent,2026-10-02T00:33:30,coco-disk-08-adjacent,unknown,,,,,unknown,,,adjacent,high,620,30,32,10,6.36343,93.9545,2,54,7.85214e-05,0.860624,complete,20261001-173658-coco-disk-06,-0.560143,267.694,-0.0108051,51.8408,0f45c23-dirty,20261002-003330-coco-disk-08-adjacent,pass,,,,,34
20261002-005303-coco-disk-01-adjacent,2026-10-02T00:53:03,coco-disk-01-adjacent,cut disc,,,,,unknown,,,adjacent,high,620,30,32,10,5.40519,85.4146,2,54,5.04316e-05,0.356602,complete,,,,,,0f45c23-dirty,20261002-005303-coco-disk-01-adjacent,,disc-01,,,,39
20261002-010642-coco-disk-01-adjacent,2026-10-02T01:06:42,coco-disk-01-adjacent,cut disc,,,,,unknown,,,adjacent,high,620,30,32,10,5.37493,85.6729,2,54,4.63628e-05,0.424667,complete,20261001-173658-coco-disk-06,-0.741199,149.813,-0.0108051,68.5974,0f45c23-dirty,20261002-010642-coco-disk-01-adjacent,pass,disc-01,,,,39
20261002-014532-coco-disk-01-oppposite,2026-10-02T01:45:32,coco-disk-01-oppposite,cut disc,,,,,unknown,,,opposite,high,620,30,32,10,,,,,0.000152831,0.217244,complete,20261001-204339-coco-disk-04-opp,-1.53507,149.813,0.0146229,104.978,0f45c23-dirty,20261002-014532-coco-disk-01-oppposite,overridden,disc-01,,,,39
20261002-112814-run-baseline,2026-10-02T11:28:14,run-baseline,unknown,,,,,unknown,,,adjacent,high,400,30,16,10,0.0600645,0.218773,0,54,2.63081e-05,0.145168,complete,20261001-204339-coco-disk-04-opp,,,,,a83f52c-dirty,20261002-112814-run-baseline,fail,,,,,
20261002-114218-ssim-saline,2026-10-02T11:42:18,ssim-saline,saline tank,,,,,unknown,,,adjacent,high,400,30,16,10,11.1187,89.6996,4,54,0.000217666,1.18147,complete,,,,,,a83f52c-dirty,20261002-114218-ssim-saline,,,,,,
20261002-115104-ssim-saline-1,2026-10-02T11:51:04,ssim-saline-1,saline tank,,,,,unknown,,,adjacent,high,400,30,16,10,11.0651,92.8286,3,54,0.000303507,1.49602,complete,20261002-114218-ssim-saline,-0.908952,171.244,-0.148248,6.13128,a83f52c-dirty,20261002-115104-ssim-saline-1,pass,,,,,
20261002-120201-ssim-saline-2,2026-10-02T12:02:01,ssim-saline-2,saline tank,,,,,unknown,,,adjacent,high,400,30,16,10,10.8116,96.229,1,54,0.000244396,1.15396,complete,20261002-114218-ssim-saline,-1.0326,171.244,-0.148248,6.96533,a83f52c-dirty,20261002-120201-ssim-saline-2,pass,,,,,
20261002-121144-ssim-saline,2026-10-02T12:11:44,ssim-saline,saline tank,,,,,unknown,,,adjacent,high,400,30,16,10,11.4597,96.3827,2,54,0.000219438,1.17795,complete,,,,,,a83f52c-dirty,20261002-121144-ssim-saline,,,,,,
20261002-122207-ssim-saline,2026-10-02T12:22:07,ssim-saline,saline tank,,,,,unknown,,,adjacent,high,200,30,16,10,12.4267,97.9165,2,54,0.000687265,4.82329,complete,,,,,,a83f52c-dirty,20261002-122207-ssim-saline,,,,,,
20261002-125328-ssim-saline,2026-10-02T12:53:28,ssim-saline,saline tank,,,,,unknown,,,adjacent,high,200,30,16,10,13.4931,97.505,1,54,0.000227625,3.03053,complete,,,,,,a83f52c-dirty,20261002-125328-ssim-saline,,,,,,
20261002-131348-ssim-saline-7,2026-10-02T13:13:48,ssim-saline-7,saline tank,,,,,unknown,,,adjacent,high,200,30,16,10,15.8047,96.2402,2,54,0.000174052,2.57965,complete,20261002-125328-ssim-saline,,,,,a83f52c-dirty,20261002-131348-ssim-saline-7,fail,,,,,
20261002-132906-ssim-saline,2026-10-02T13:29:06,ssim-saline,saline tank,,,,,unknown,,,adjacent,high,200,30,16,2,15.8621,97.292,2,54,0.000133015,1.32961,cancelled,,,,,,a83f52c-dirty,20261002-132906-ssim-saline,,,,,,
20261002-133531-ssim-saline,2026-10-02T13:35:31,ssim-saline,saline tank,,,,,unknown,,,adjacent,high,400,30,16,10,12.0279,94.2637,1,54,0.000331052,4.57682,complete,,,,,,a83f52c-dirty,20261002-133531-ssim-saline,,,,,,
20261002-134418-ssim-saline,2026-10-02T13:44:18,ssim-saline,saline tank,,,,,unknown,,,adjacent,high,400,30,16,10,13.3,94.7364,1,54,0.000172278,1.93409,complete,20261002-133531-ssim-saline,-0.173257,149.813,-0.188016,0.921503,a83f52c-dirty,20261002-134418-ssim-saline,pass,,,,,
20261002-135739-ssim-saline,2026-10-02T13:57:39,ssim-saline,saline tank,,,,,unknown,,,adjacent,high,400,30,16,5,11.4489,96.1237,2,54,8.78834e-05,0.921272,complete,,,,,,a83f52c-dirty,20261002-135739-ssim-saline,,saline-tank,,,,9
20261002-140411-ssim-saline,2026-10-02T14:04:11,ssim-saline,saline tank,,,,,unknown,wood block at 9,,adjacent,high,400,30,16,5,10.7103,94.5234,3,54,9.2741e-05,0.893024,complete,20261002-135739-ssim-saline,-0.199035,305.095,0.0212973,9.34554,a83f52c-dirty,20261002-140411-ssim-saline,pass,saline-tank,,,,9
20261002-141259-ssim-saline,2026-10-02T14:12:59,ssim-saline,saline tank,,,,,unknown,wood block at 10,wood block at 10,adjacent,high,400,30,16,5,10.9063,94.8929,3,54,0.000121393,1.08377,complete,20261002-135739-ssim-saline,-0.234554,274.237,0.0212973,11.0133,a83f52c-dirty,20261002-141259-ssim-saline,pass,saline-tank,,,,19
20261002-141918-ssim-saline,2026-10-02T14:19:18,ssim-saline,saline tank,,,,,unknown,wood block at 11,wood block at 11,adjacent,high,400,30,16,5,12.2302,95.1769,3,54,8.89182e-05,0.879031,complete,20261002-135739-ssim-saline,-0.234686,235.531,0.0212973,11.0195,a83f52c-dirty,20261002-141918-ssim-saline,pass,saline-tank,,,,19
20261002-142601-ssim-saline,2026-10-02T14:26:01,ssim-saline,saline tank,,,,,unknown,wood block at 4,wood at 4,adjacent,high,400,30,16,5,12.5387,96.2022,2,54,9.73631e-05,0.94226,complete,20261002-135739-ssim-saline,-0.273273,86.6154,0.0212973,12.8314,a83f52c-dirty,20261002-142601-ssim-saline,pass,saline-tank,,,,19
20261002-143242-ssim-saline,2026-10-02T14:32:42,ssim-saline,saline tank,,,,,unknown,,,adjacent,high,400,30,16,5,10.8599,96.2828,3,54,0.000105189,1.02096,complete,,,,,,a83f52c-dirty,20261002-143242-ssim-saline,,saline-tank,,,,19
20261002-144109-ssim-saline,2026-10-02T14:41:09,ssim-saline,saline tank,,,,,unknown,wood at e5,wood at e5,adjacent,high,400,30,16,5,11.4605,95.7701,2,54,0.000100434,0.941184,complete,20261002-143242-ssim-saline,-0.246331,69.4575,-0.0069412,35.4883,a83f52c-dirty,20261002-144109-ssim-saline,pass,saline-tank,,,,19
20261002-144734-ssim-saline,2026-10-02T14:47:34,ssim-saline,saline tank,,,,,unknown,wood at e66,wood at e6,adjacent,high,400,30,16,5,11.5626,97.8497,2,54,0.000106365,0.998184,complete,20261002-143242-ssim-saline,-0.238913,38.9076,-0.0069412,34.4196,a83f52c-dirty,20261002-144734-ssim-saline,pass,saline-tank,,,,19
20261002-145332-ssim-saline,2026-10-02T14:53:32,ssim-saline,saline tank,,,,,unknown,wood at e7,wood at e7,adjacent,high,400,30,16,5,10.7502,94.9348,2,54,0.00010319,0.923448,complete,20261002-143242-ssim-saline,-0.22867,0.482974,-0.0069412,32.9439,a83f52c-dirty,20261002-145332-ssim-saline,pass,saline-tank,,,,19
20261002-150425-ssim-saline,2026-10-02T15:04:25,ssim-saline,saline tank,,,,,unknown,wood at e8,wood at e8,adjacent,high,400,30,16,5,10.5287,94.0152,2,54,0.000119119,0.995682,complete,20261002-143242-ssim-saline,-0.23639,323.264,-0.0069412,34.0561,a83f52c-dirty,20261002-150425-ssim-saline,pass,saline-tank,,,,19
20261002-151045-ssim-saline,2026-10-02T15:10:45,ssim-saline,saline tank,,,,,unknown,,,adjacent,high,400,30,16,5,10.3864,94.8464,1,54,0.000100141,1.02827,complete,,,,,,a83f52c-dirty,20261002-151045-ssim-saline,,saline-tank,,,,19
20261002-151731-ssim-saline,2026-10-02T15:17:31,ssim-saline,saline tank,,,,,unknown,wood at e12,wood at e12,adjacent,high,400,30,16,5,11.2835,93.7606,2,54,0.000106867,1.04236,complete,20261002-151045-ssim-saline,-0.219125,211.153,0.0166641,13.1495,a83f52c-dirty,20261002-151731-ssim-saline,pass,saline-tank,,,,0
20261002-152426-ssim-saline,2026-10-02T15:24:26,ssim-saline,saline tank,,,,,unknown,wood at e1,wood at e1,adjacent,high,400,30,16,5,11.5298,92.1828,2,54,0.000107106,0.985569,complete,20261002-151045-ssim-saline,-0.206519,184.149,0.0166641,12.393,a83f52c-dirty,20261002-152426-ssim-saline,pass,saline-tank,,,,0
20261002-153056-ssim-saline,2026-10-02T15:30:56,ssim-saline,saline tank,,,,,unknown,,,adjacent,high,400,30,16,5,10.5942,94.7334,1,54,0.000116747,1.20998,complete,,,,,,a83f52c-dirty,20261002-153056-ssim-saline,,saline-tank,,,,0
20261002-153824-ssim-saline,2026-10-02T15:38:24,ssim-saline,saline tank,,,,,unknown,wood at e3,wood at e,adjacent,high,400,30,16,5,11.7219,94.9082,2,54,0.000109435,1.11591,complete,20261002-153056-ssim-saline,-0.226216,112.166,0.0127337,17.7651,a83f52c-dirty,20261002-153824-ssim-saline,pass,saline-tank,,,,0
20261002-164016-ssim-saline,2026-10-02T16:40:16,ssim-saline,saline tank,,,,,unknown,wood at e2,wood at e2,adjacent,high,400,30,16,5,10.6964,92.6302,1,54,8.87365e-05,0.974385,complete,20261002-153056-ssim-saline,-0.247818,147.271,0.0127337,19.4615,a83f52c-dirty,20261002-164016-ssim-saline,pass,saline-tank,,,,0
20261002-164714-ssim-saline,2026-10-02T16:47:14,ssim-saline,saline tank,,,,,unknown,,,adjacent,high,400,30,16,5,12.9405,96.9302,2,54,0.000112155,1.36746,complete,,,,,,a83f52c-dirty,20261002-164714-ssim-saline,,saline-tank,,,,0
20261002-165444-ssim-saline,2026-10-02T16:54:44,ssim-saline,saline tank,,,,,unknown,wood at e2,wood at e2,adjacent,high,400,30,16,5,12.8725,95.8636,2,54,0.000126213,1.43623,complete,20261002-164714-ssim-saline,-0.153069,138.08,0.0235554,6.49825,a83f52c-dirty,20261002-165444-ssim-saline,pass,saline-tank,,,,0
