frame_index,frame_id,pattern,dac_code,settle_ms,sample_count,record_index,polarity,i_plus,i_minus,v_plus,v_minus,voltage_mv,current_ua,quality
0,6,adjacent,400,30,16,0,FWD,E1,E2,E3,E4,-22.148000,24.579000,OK
0,6,adjacent,400,30,16,1,REV,E2,E1,E3,E4,-20.891000,119.621000,OK
0,6,adjacent,400,30,16,2,FWD,E1,E2,E4,E5,-333.937000,98.235000,OK
0,6,adjacent,400,30,16,3,REV,E2,E1,E4,E5,49.039000,107.412000,OK
0,6,adjacent,400,30,16,4,FWD,E1,E2,E5,E6,160.094000,101.586000,OK
0,6,adjacent,400,30,16,5,REV,E2,E1,E5,E6,-404.969000,107.412000,OK
0,6,adjacent,400,30,16,6,FWD,E1,E2,E6,E7,-16.719000,104.619000,OK
0,6,adjacent,400,30,16,7,REV,E2,E1,E6,E7,-16.578000,106.853000,OK
0,6,adjacent,400,30,16,8,FWD,E1,E2,E7,E8,22.672000,105.018000,OK
0,6,adjacent,400,30,16,9,REV,E2,E1,E7,E8,22.594000,108.529000,OK
0,6,adjacent,400,30,16,10,FWD,E1,E2,E8,E9,25.422000,105.896000,OK
0,6,adjacent,400,30,16,11,REV,E2,E1,E8,E9,25.672000,108.449000,OK
0,6,adjacent,400,30,16,12,FWD,E1,E2,E9,E10,1.016000,107.093000,OK
0,6,adjacent,400,30,16,13,REV,E2,E1,E9,E10,1.133000,108.130000,OK
0,6,adjacent,400,30,16,14,FWD,E1,E2,E10,E11,-30.375000,106.853000,OK
0,6,adjacent,400,30,16,15,REV,E2,E1,E10,E11,-48.625000,109.407000,OK
0,6,adjacent,400,30,16,16,FWD,E1,E2,E11,E12,-44.055000,107.332000,OK
0,6,adjacent,400,30,16,17,REV,E2,E1,E11,E12,-51.836000,109.088000,OK
0,6,adjacent,400,30,16,18,FWD,E2,E3,E4,E5,48.570000,26.334000,OK
0,6,adjacent,400,30,16,19,REV,E3,E2,E4,E5,37.648000,77.167000,OK
0,6,adjacent,400,30,16,20,FWD,E2,E3,E5,E6,-341.812000,68.709000,OK
0,6,adjacent,400,30,16,21,REV,E3,E2,E5,E6,74.609000,71.661000,OK
0,6,adjacent,400,30,16,22,FWD,E2,E3,E6,E7,-17.078000,71.661000,OK
0,6,adjacent,400,30,16,23,REV,E3,E2,E6,E7,-16.961000,70.783000,OK
0,6,adjacent,400,30,16,24,FWD,E2,E3,E7,E8,20.102000,73.018000,OK
0,6,adjacent,400,30,16,25,REV,E3,E2,E7,E8,20.031000,71.182000,OK
0,6,adjacent,400,30,16,26,FWD,E2,E3,E8,E9,25.547000,73.177000,OK
0,6,adjacent,400,30,16,27,REV,E3,E2,E8,E9,25.687000,71.262000,OK
0,6,adjacent,400,30,16,28,FWD,E2,E3,E9,E10,0.734000,73.497000,OK
0,6,adjacent,400,30,16,29,REV,E3,E2,E9,E10,0.750000,72.060000,OK
0,6,adjacent,400,30,16,30,FWD,E2,E3,E10,E11,-28.094000,74.295000,OK
0,6,adjacent,400,30,16,31,REV,E3,E2,E10,E11,-45.719000,72.379000,OK
0,6,adjacent,400,30,16,32,FWD,E2,E3,E11,E12,-42.344000,74.773000,OK
0,6,adjacent,400,30,16,33,REV,E3,E2,E11,E12,-49.422000,72.778000,OK
0,6,adjacent,400,30,16,34,FWD,E2,E3,E12,E1,14.281000,75.172000,OK
0,6,adjacent,400,30,16,35,REV,E3,E2,E12,E1,14.070000,73.497000,OK
0,6,adjacent,400,30,16,36,FWD,E3,E4,E1,E2,56.906000,16.998000,OK
0,6,adjacent,400,30,16,37,REV,E4,E3,E1,E2,42.109000,53.387000,OK
0,6,adjacent,400,30,16,38,FWD,E3,E4,E5,E6,34.891000,46.045000,OK
0,6,adjacent,400,30,16,39,REV,E4,E3,E5,E6,43.367000,49.716000,OK
0,6,adjacent,400,30,16,40,FWD,E3,E4,E6,E7,-17.406000,48.678000,OK
0,6,adjacent,400,30,16,41,REV,E4,E3,E6,E7,-17.281000,49.237000,OK
0,6,adjacent,400,30,16,42,FWD,E3,E4,E7,E8,17.727000,50.115000,OK
0,6,adjacent,400,30,16,43,REV,E4,E3,E7,E8,17.672000,49.955000,OK
0,6,adjacent,400,30,16,44,FWD,E3,E4,E8,E9,25.672000,50.753000,OK
0,6,adjacent,400,30,16,45,REV,E4,E3,E8,E9,25.781000,50.354000,OK
0,6,adjacent,400,30,16,46,FWD,E3,E4,E9,E10,0.492000,51.711000,OK
0,6,adjacent,400,30,16,47,REV,E4,E3,E9,E10,0.516000,50.115000,OK
0,6,adjacent,400,30,16,48,FWD,E3,E4,E10,E11,-32.531000,51.711000,OK
0,6,adjacent,400,30,16,49,REV,E4,E3,E10,E11,-44.109000,50.434000,OK
0,6,adjacent,400,30,16,50,FWD,E3,E4,E11,E12,-37.984000,52.429000,OK
0,6,adjacent,400,30,16,51,REV,E4,E3,E11,E12,-46.039000,50.833000,OK
0,6,adjacent,400,30,16,52,FWD,E3,E4,E12,E1,4.664000,52.190000,OK
0,6,adjacent,400,30,16,53,REV,E4,E3,E12,E1,4.430000,50.753000,OK
0,6,adjacent,400,30,16,54,FWD,E4,E5,E1,E2,22.062000,20.748000,OK
0,6,adjacent,400,30,16,55,REV,E5,E4,E1,E2,22.586000,63.202000,OK
0,6,adjacent,400,30,16,56,FWD,E4,E5,E2,E3,-77.859000,51.472000,OK
0,6,adjacent,400,30,16,57,REV,E5,E4,E2,E3,-78.492000,59.132000,OK
0,6,adjacent,400,30,16,58,FWD,E4,E5,E6,E7,-17.750000,54.743000,OK
0,6,adjacent,400,30,16,59,REV,E5,E4,E6,E7,-17.359000,57.776000,OK
0,6,adjacent,400,30,16,60,FWD,E4,E5,E7,E8,15.695000,55.142000,OK
0,6,adjacent,400,30,16,61,REV,E5,E4,E7,E8,15.781000,59.212000,OK
0,6,adjacent,400,30,16,62,FWD,E4,E5,E8,E9,25.828000,55.382000,OK
0,6,adjacent,400,30,16,63,REV,E5,E4,E8,E9,25.906000,58.574000,OK
0,6,adjacent,400,30,16,64,FWD,E4,E5,E9,E10,0.312000,56.659000,OK
0,6,adjacent,400,30,16,65,REV,E5,E4,E9,E10,0.375000,59.053000,OK
0,6,adjacent,400,30,16,66,FWD,E4,E5,E10,E11,-39.555000,56.579000,OK
0,6,adjacent,400,30,16,67,REV,E5,E4,E10,E11,-28.781000,60.329000,OK
0,6,adjacent,400,30,16,68,FWD,E4,E5,E11,E12,-46.266000,57.536000,OK
0,6,adjacent,400,30,16,69,REV,E5,E4,E11,E12,-31.531000,59.691000,OK
0,6,adjacent,400,30,16,70,FWD,E4,E5,E12,E1,-1.680000,58.255000,OK
0,6,adjacent,400,30,16,71,REV,E5,E4,E12,E1,-1.820000,60.010000,OK
0,6,adjacent,400,30,16,72,FWD,E5,E6,E1,E2,30.469000,43.890000,OK
0,6,adjacent,400,30,16,73,REV,E6,E5,E1,E2,31.164000,92.649000,OK
0,6,adjacent,400,30,16,74,FWD,E5,E6,E2,E3,-78.609000,83.472000,OK
0,6,adjacent,400,30,16,75,REV,E6,E5,E2,E3,-81.164000,88.499000,OK
0,6,adjacent,400,30,16,76,FWD,E5,E6,E3,E4,-69.188000,85.626000,OK
0,6,adjacent,400,30,16,77,REV,E6,E5,E3,E4,-69.828000,89.616000,OK
0,6,adjacent,400,30,16,78,FWD,E5,E6,E7,E8,13.977000,86.584000,OK
0,6,adjacent,400,30,16,79,REV,E6,E5,E7,E8,15.414000,89.936000,OK
0,6,adjacent,400,30,16,80,FWD,E5,E6,E8,E9,25.961000,88.659000,OK
0,6,adjacent,400,30,16,81,REV,E6,E5,E8,E9,26.187000,90.095000,OK
0,6,adjacent,400,30,16,82,FWD,E5,E6,E9,E10,0.148000,87.781000,OK
0,6,adjacent,400,30,16,83,REV,E6,E5,E9,E10,0.258000,90.813000,OK
0,6,adjacent,400,30,16,84,FWD,E5,E6,E10,E11,-46.188000,88.260000,OK
0,6,adjacent,400,30,16,85,REV,E6,E5,E10,E11,-26.773000,91.133000,OK
0,6,adjacent,400,30,16,86,FWD,E5,E6,E11,E12,-47.078000,89.058000,OK
0,6,adjacent,400,30,16,87,REV,E6,E5,E11,E12,-41.625000,91.372000,OK
0,6,adjacent,400,30,16,88,FWD,E5,E6,E12,E1,-6.664000,88.419000,OK
0,6,adjacent,400,30,16,89,REV,E6,E5,E12,E1,-6.695000,91.851000,OK
0,6,adjacent,400,30,16,90,FWD,E6,E7,E1,E2,39.711000,40.379000,OK
0,6,adjacent,400,30,16,91,REV,E7,E6,E1,E2,40.242000,68.948000,OK
0,6,adjacent,400,30,16,92,FWD,E6,E7,E2,E3,140.906000,72.699000,OK
0,6,adjacent,400,30,16,93,REV,E7,E6,E2,E3,-498.062000,66.713000,OK
0,6,adjacent,400,30,16,94,FWD,E6,E7,E3,E4,-62.453000,74.295000,OK
0,6,adjacent,400,30,16,95,REV,E7,E6,E3,E4,-69.680000,66.634000,OK
0,6,adjacent,400,30,16,96,FWD,E6,E7,E4,E5,-70.609000,76.369000,OK
0,6,adjacent,400,30,16,97,REV,E7,E6,E4,E5,-70.617000,67.192000,OK
0,6,adjacent,400,30,16,98,FWD,E6,E7,E8,E9,26.203000,75.731000,OK
0,6,adjacent,400,30,16,99,REV,E7,E6,E8,E9,32.797000,68.549000,OK
0,6,adjacent,400,30,16,100,FWD,E6,E7,E9,E10,0.094000,77.247000,OK
0,6,adjacent,400,30,16,101,REV,E7,E6,E9,E10,0.180000,69.187000,OK
0,6,adjacent,400,30,16,102,FWD,E6,E7,E10,E11,15.445000,78.285000,OK
0,6,adjacent,400,30,16,103,REV,E7,E6,E10,E11,-101.891000,69.906000,OK
0,6,adjacent,400,30,16,104,FWD,E6,E7,E11,E12,12.164000,78.524000,OK
0,6,adjacent,400,30,16,105,REV,E7,E6,E11,E12,-108.094000,70.783000,OK
0,6,adjacent,400,30,16,106,FWD,E6,E7,E12,E1,-10.633000,79.402000,OK
0,6,adjacent,400,30,16,107,REV,E7,E6,E12,E1,-10.734000,71.581000,OK
0,6,adjacent,400,30,16,108,FWD,E7,E8,E1,E2,48.180000,13.327000,OK
0,6,adjacent,400,30,16,109,REV,E8,E7,E1,E2,48.695000,45.566000,OK
0,6,adjacent,400,30,16,110,FWD,E7,E8,E2,E3,-409.328000,38.225000,OK
0,6,adjacent,400,30,16,111,REV,E8,E7,E2,E3,3.813000,42.055000,OK
0,6,adjacent,400,30,16,112,FWD,E7,E8,E3,E4,122.313000,41.018000,OK
0,6,adjacent,400,30,16,113,REV,E8,E7,E3,E4,-466.719000,42.215000,OK
0,6,adjacent,400,30,16,114,FWD,E7,E8,E4,E5,-66.414000,41.895000,OK
0,6,adjacent,400,30,16,115,REV,E8,E7,E4,E5,-66.414000,42.933000,OK
0,6,adjacent,400,30,16,116,FWD,E7,E8,E5,E6,-4.203000,42.693000,OK
0,6,adjacent,400,30,16,117,REV,E8,E7,E5,E6,-3.844000,43.013000,OK
0,6,adjacent,400,30,16,118,FWD,E7,E8,E9,E10,0.383000,43.731000,OK
0,6,adjacent,400,30,16,119,REV,E8,E7,E9,E10,1.422000,43.491000,OK
0,6,adjacent,400,30,16,120,FWD,E7,E8,E10,E11,-76.938000,43.491000,OK
0,6,adjacent,400,30,16,121,REV,E8,E7,E10,E11,-20.047000,43.412000,OK
0,6,adjacent,400,30,16,122,FWD,E7,E8,E11,E12,-76.891000,44.130000,OK
0,6,adjacent,400,30,16,123,REV,E8,E7,E11,E12,-16.070000,43.332000,OK
0,6,adjacent,400,30,16,124,FWD,E7,E8,E12,E1,-14.164000,44.369000,OK
0,6,adjacent,400,30,16,125,REV,E8,E7,E12,E1,-14.242000,43.970000,OK
0,6,adjacent,400,30,16,126,FWD,E8,E9,E1,E2,55.977000,16.359000,OK
0,6,adjacent,400,30,16,127,REV,E9,E8,E1,E2,56.547000,53.227000,OK
0,6,adjacent,400,30,16,128,FWD,E8,E9,E2,E3,-29.359000,43.252000,OK
0,6,adjacent,400,30,16,129,REV,E9,E8,E2,E3,-31.945000,49.636000,OK
0,6,adjacent,400,30,16,130,FWD,E8,E9,E3,E4,-428.531000,45.247000,OK
0,6,adjacent,400,30,16,131,REV,E9,E8,E3,E4,206.047000,49.876000,OK
0,6,adjacent,400,30,16,132,FWD,E8,E9,E4,E5,-65.070000,47.322000,OK
0,6,adjacent,400,30,16,133,REV,E9,E8,E4,E5,-65.305000,49.556000,OK
0,6,adjacent,400,30,16,134,FWD,E8,E9,E5,E6,4.336000,47.481000,OK
0,6,adjacent,400,30,16,135,REV,E9,E8,E5,E6,4.367000,49.636000,OK
0,6,adjacent,400,30,16,136,FWD,E8,E9,E6,E7,-6.336000,47.880000,OK
0,6,adjacent,400,30,16,137,REV,E9,E8,E6,E7,-3.922000,50.354000,OK
0,6,adjacent,400,30,16,138,FWD,E8,E9,E10,E11,-27.055000,48.439000,OK
0,6,adjacent,400,30,16,139,REV,E9,E8,E10,E11,-12.820000,50.594000,OK
0,6,adjacent,400,30,16,140,FWD,E8,E9,E11,E12,-43.664000,49.237000,OK
0,6,adjacent,400,30,16,141,REV,E9,E8,E11,E12,-21.742000,50.434000,OK
0,6,adjacent,400,30,16,142,FWD,E8,E9,E12,E1,-16.773000,49.796000,OK
0,6,adjacent,400,30,16,143,REV,E9,E8,E12,E1,-16.719000,50.993000,OK
0,6,adjacent,400,30,16,144,FWD,E9,E10,E1,E2,62.930000,47.641000,OK
0,6,adjacent,400,30,16,145,REV,E10,E9,E1,E2,63.398000,88.579000,OK
0,6,adjacent,400,30,16,146,FWD,E9,E10,E2,E3,-65.992000,77.806000,OK
0,6,adjacent,400,30,16,147,REV,E10,E9,E2,E3,-66.008000,86.823000,OK
0,6,adjacent,400,30,16,148,FWD,E9,E10,E3,E4,47.094000,79.721000,OK
0,6,adjacent,400,30,16,149,REV,E10,E9,E3,E4,42.844000,87.541000,OK
0,6,adjacent,400,30,16,150,FWD,E9,E10,E4,E5,-64.914000,80.838000,OK
0,6,adjacent,400,30,16,151,REV,E10,E9,E4,E5,-65.172000,87.701000,OK
0,6,adjacent,400,30,16,152,FWD,E9,E10,E5,E6,9.867000,82.354000,OK
0,6,adjacent,400,30,16,153,REV,E10,E9,E5,E6,9.914000,89.457000,OK
0,6,adjacent,400,30,16,154,FWD,E9,E10,E6,E7,-11.320000,83.551000,OK
0,6,adjacent,400,30,16,155,REV,E10,E9,E6,E7,-11.344000,89.856000,OK
0,6,adjacent,400,30,16,156,FWD,E9,E10,E7,E8,57.586000,84.429000,OK
0,6,adjacent,400,30,16,157,REV,E10,E9,E7,E8,57.328000,90.654000,OK
0,6,adjacent,400,30,16,158,FWD,E9,E10,E11,E12,-24.328000,84.190000,OK
0,6,adjacent,400,30,16,159,REV,E10,E9,E11,E12,-22.867000,91.133000,OK
0,6,adjacent,400,30,16,160,FWD,E9,E10,E12,E1,-18.031000,85.068000,OK
0,6,adjacent,400,30,16,161,REV,E10,E9,E12,E1,-17.758000,91.133000,OK
0,6,adjacent,400,30,16,162,FWD,E10,E11,E1,E2,69.188000,57.377000,OK
0,6,adjacent,400,30,16,163,REV,E11,E10,E1,E2,69.914000,121.138000,OK
0,6,adjacent,400,30,16,164,FWD,E10,E11,E2,E3,-75.383000,112.360000,OK
0,6,adjacent,400,30,16,165,REV,E11,E10,E2,E3,-74.703000,117.547000,OK
0,6,adjacent,400,30,16,166,FWD,E10,E11,E3,E4,0.180000,116.110000,OK
0,6,adjacent,400,30,16,167,REV,E11,E10,E3,E4,0.727000,118.823000,OK
0,6,adjacent,400,30,16,168,FWD,E10,E11,E4,E5,-65.172000,116.988000,OK
0,6,adjacent,400,30,16,169,REV,E11,E10,E4,E5,-65.984000,119.781000,OK
0,6,adjacent,400,30,16,170,FWD,E10,E11,E5,E6,14.570000,117.626000,OK
0,6,adjacent,400,30,16,171,REV,E11,E10,E5,E6,14.141000,120.180000,OK
0,6,adjacent,400,30,16,172,FWD,E10,E11,E6,E7,-14.016000,117.467000,OK
0,6,adjacent,400,30,16,173,REV,E11,E10,E6,E7,-13.813000,120.898000,OK
0,6,adjacent,400,30,16,174,FWD,E10,E11,E7,E8,37.938000,117.467000,OK
0,6,adjacent,400,30,16,175,REV,E11,E10,E7,E8,38.094000,120.978000,OK
0,6,adjacent,400,30,16,176,FWD,E10,E11,E8,E9,-69.086000,118.504000,OK
0,6,adjacent,400,30,16,177,REV,E11,E10,E8,E9,-3.625000,121.058000,OK
0,6,adjacent,400,30,16,178,FWD,E10,E11,E12,E1,-17.859000,118.823000,OK
0,6,adjacent,400,30,16,179,REV,E11,E10,E12,E1,-14.430000,121.936000,OK
0,6,adjacent,400,30,16,180,FWD,E11,E12,E1,E2,74.766000,67.591000,OK
0,6,adjacent,400,30,16,181,REV,E12,E11,E1,E2,75.828000,161.756000,OK
0,6,adjacent,400,30,16,182,FWD,E11,E12,E2,E3,-81.938000,146.833000,OK
0,6,adjacent,400,30,16,183,REV,E12,E11,E2,E3,-80.969000,151.622000,OK
0,6,adjacent,400,30,16,184,FWD,E11,E12,E3,E4,-12.930000,150.026000,OK
0,6,adjacent,400,30,16,185,REV,E12,E11,E3,E4,-12.219000,151.941000,OK
0,6,adjacent,400,30,16,186,FWD,E11,E12,E4,E5,-65.602000,151.063000,OK
0,6,adjacent,400,30,16,187,REV,E12,E11,E4,E5,-67.063000,152.180000,OK
0,6,adjacent,400,30,16,188,FWD,E11,E12,E5,E6,18.492000,152.260000,OK
0,6,adjacent,400,30,16,189,REV,E12,E11,E5,E6,17.844000,153.218000,OK
0,6,adjacent,400,30,16,190,FWD,E11,E12,E6,E7,-15.367000,152.579000,OK
0,6,adjacent,400,30,16,191,REV,E12,E11,E6,E7,-15.195000,154.016000,OK
0,6,adjacent,400,30,16,192,FWD,E11,E12,E7,E8,30.859000,154.494000,OK
0,6,adjacent,400,30,16,193,REV,E12,E11,E7,E8,30.820000,153.856000,OK
0,6,adjacent,400,30,16,194,FWD,E11,E12,E8,E9,22.836000,154.734000,OK
0,6,adjacent,400,30,16,195,REV,E12,E11,E8,E9,22.953000,155.612000,OK
0,6,adjacent,400,30,16,196,FWD,E11,E12,E9,E10,-12.234000,154.494000,OK
0,6,adjacent,400,30,16,197,REV,E12,E11,E9,E10,-0.609000,155.133000,OK
0,6,adjacent,400,30,16,198,FWD,E12,E1,E2,E3,-86.258000,51.950000,OK
0,6,adjacent,400,30,16,199,REV,E1,E12,E2,E3,-84.883000,143.003000,OK
0,6,adjacent,400,30,16,200,FWD,E12,E1,E3,E4,-19.047000,130.714000,OK
0,6,adjacent,400,30,16,201,REV,E1,E12,E3,E4,-18.172000,135.023000,OK
0,6,adjacent,400,30,16,202,FWD,E12,E1,E4,E5,84.484000,135.342000,OK
0,6,adjacent,400,30,16,203,REV,E1,E12,E4,E5,-386.312000,135.103000,OK
0,6,adjacent,400,30,16,204,FWD,E12,E1,E5,E6,21.516000,136.459000,OK
0,6,adjacent,400,30,16,205,REV,E1,E12,E5,E6,20.187000,136.539000,OK
0,6,adjacent,400,30,16,206,FWD,E12,E1,E6,E7,-16.094000,137.577000,OK
0,6,adjacent,400,30,16,207,REV,E1,E12,E6,E7,-15.945000,136.858000,OK
0,6,adjacent,400,30,16,208,FWD,E12,E1,E7,E8,26.508000,138.694000,OK
0,6,adjacent,400,30,16,209,REV,E1,E12,E7,E8,26.484000,137.497000,OK
0,6,adjacent,400,30,16,210,FWD,E12,E1,E8,E9,25.133000,139.093000,OK
0,6,adjacent,400,30,16,211,REV,E1,E12,E8,E9,25.500000,137.896000,OK
0,6,adjacent,400,30,16,212,FWD,E12,E1,E9,E10,1.891000,139.332000,OK
0,6,adjacent,400,30,16,213,REV,E1,E12,E9,E10,2.031000,138.215000,OK
0,6,adjacent,400,30,16,214,FWD,E12,E1,E10,E11,-51.938000,139.891000,OK
0,6,adjacent,400,30,16,215,REV,E1,E12,E10,E11,-43.852000,138.534000,OK
1,7,adjacent,400,30,16,0,FWD,E1,E2,E3,E4,-23.016000,24.180000,OK
1,7,adjacent,400,30,16,1,REV,E2,E1,E3,E4,-21.812000,119.462000,OK
1,7,adjacent,400,30,16,2,FWD,E1,E2,E4,E5,-334.562000,97.437000,OK
1,7,adjacent,400,30,16,3,REV,E2,E1,E4,E5,48.242000,107.891000,OK
1,7,adjacent,400,30,16,4,FWD,E1,E2,E5,E6,159.461000,102.145000,OK
1,7,adjacent,400,30,16,5,REV,E2,E1,E5,E6,-405.422000,106.933000,OK
1,7,adjacent,400,30,16,6,FWD,E1,E2,E6,E7,-16.641000,104.300000,OK
1,7,adjacent,400,30,16,7,REV,E2,E1,E6,E7,-16.508000,107.332000,OK
1,7,adjacent,400,30,16,8,FWD,E1,E2,E7,E8,23.328000,105.417000,OK
1,7,adjacent,400,30,16,9,REV,E2,E1,E7,E8,23.242000,107.811000,OK
1,7,adjacent,400,30,16,10,FWD,E1,E2,E8,E9,25.250000,105.576000,OK
1,7,adjacent,400,30,16,11,REV,E2,E1,E8,E9,25.523000,108.290000,OK
1,7,adjacent,400,30,16,12,FWD,E1,E2,E9,E10,1.117000,106.295000,OK
1,7,adjacent,400,30,16,13,REV,E2,E1,E9,E10,1.187000,108.210000,OK
1,7,adjacent,400,30,16,14,FWD,E1,E2,E10,E11,-30.633000,106.614000,OK
1,7,adjacent,400,30,16,15,REV,E2,E1,E10,E11,-48.375000,108.689000,OK
1,7,adjacent,400,30,16,16,FWD,E1,E2,E11,E12,-44.320000,107.252000,OK
1,7,adjacent,400,30,16,17,REV,E2,E1,E11,E12,-51.555000,108.370000,OK
1,7,adjacent,400,30,16,18,FWD,E2,E3,E4,E5,47.625000,26.175000,OK
1,7,adjacent,400,30,16,19,REV,E3,E2,E4,E5,36.664000,77.167000,OK
1,7,adjacent,400,30,16,20,FWD,E2,E3,E5,E6,-341.734000,68.070000,OK
1,7,adjacent,400,30,16,21,REV,E3,E2,E5,E6,74.750000,71.502000,OK
1,7,adjacent,400,30,16,22,FWD,E2,E3,E6,E7,-17.016000,71.741000,OK
1,7,adjacent,400,30,16,23,REV,E3,E2,E6,E7,-16.906000,70.624000,OK
1,7,adjacent,400,30,16,24,FWD,E2,E3,E7,E8,20.734000,71.581000,OK
1,7,adjacent,400,30,16,25,REV,E3,E2,E7,E8,20.672000,71.502000,OK
1,7,adjacent,400,30,16,26,FWD,E2,E3,E8,E9,25.422000,72.539000,OK
1,7,adjacent,400,30,16,27,REV,E3,E2,E8,E9,25.578000,71.661000,OK
1,7,adjacent,400,30,16,28,FWD,E2,E3,E9,E10,0.766000,73.576000,OK
1,7,adjacent,400,30,16,29,REV,E3,E2,E9,E10,0.805000,72.060000,OK
1,7,adjacent,400,30,16,30,FWD,E2,E3,E10,E11,-28.453000,73.736000,OK
1,7,adjacent,400,30,16,31,REV,E3,E2,E10,E11,-46.094000,72.699000,OK
1,7,adjacent,400,30,16,32,FWD,E2,E3,E11,E12,-43.664000,74.853000,OK
1,7,adjacent,400,30,16,33,REV,E3,E2,E11,E12,-48.352000,72.220000,OK
1,7,adjacent,400,30,16,34,FWD,E2,E3,E12,E1,14.602000,75.013000,OK
1,7,adjacent,400,30,16,35,REV,E3,E2,E12,E1,14.406000,73.177000,OK
1,7,adjacent,400,30,16,36,FWD,E3,E4,E1,E2,57.711000,16.200000,OK
1,7,adjacent,400,30,16,37,REV,E4,E3,E1,E2,42.867000,53.546000,OK
1,7,adjacent,400,30,16,38,FWD,E3,E4,E5,E6,35.086000,47.003000,OK
1,7,adjacent,400,30,16,39,REV,E4,E3,E5,E6,43.508000,48.599000,OK
1,7,adjacent,400,30,16,40,FWD,E3,E4,E6,E7,-17.367000,48.599000,OK
1,7,adjacent,400,30,16,41,REV,E4,E3,E6,E7,-17.242000,49.397000,OK
1,7,adjacent,400,30,16,42,FWD,E3,E4,E7,E8,18.312000,50.275000,OK
1,7,adjacent,400,30,16,43,REV,E4,E3,E7,E8,18.273000,49.716000,OK
1,7,adjacent,400,30,16,44,FWD,E3,E4,E8,E9,25.578000,51.791000,OK
1,7,adjacent,400,30,16,45,REV,E4,E3,E8,E9,25.695000,50.115000,OK
1,7,adjacent,400,30,16,46,FWD,E3,E4,E9,E10,0.539000,51.232000,OK
1,7,adjacent,400,30,16,47,REV,E4,E3,E9,E10,0.602000,50.514000,OK
1,7,adjacent,400,30,16,48,FWD,E3,E4,E10,E11,-34.367000,51.392000,OK
1,7,adjacent,400,30,16,49,REV,E4,E3,E10,E11,-44.586000,50.354000,OK
1,7,adjacent,400,30,16,50,FWD,E3,E4,E11,E12,-40.320000,52.110000,OK
1,7,adjacent,400,30,16,51,REV,E4,E3,E11,E12,-46.516000,50.434000,OK
1,7,adjacent,400,30,16,52,FWD,E3,E4,E12,E1,5.047000,51.711000,OK
1,7,adjacent,400,30,16,53,REV,E4,E3,E12,E1,4.844000,51.472000,OK
1,7,adjacent,400,30,16,54,FWD,E4,E5,E1,E2,22.781000,19.631000,OK
1,7,adjacent,400,30,16,55,REV,E5,E4,E1,E2,23.289000,62.404000,OK
1,7,adjacent,400,30,16,56,FWD,E4,E5,E2,E3,-78.852000,52.030000,OK
1,7,adjacent,400,30,16,57,REV,E5,E4,E2,E3,-79.469000,58.893000,OK
1,7,adjacent,400,30,16,58,FWD,E4,E5,E6,E7,-17.734000,54.185000,OK
1,7,adjacent,400,30,16,59,REV,E5,E4,E6,E7,-17.328000,58.973000,OK
1,7,adjacent,400,30,16,60,FWD,E4,E5,E7,E8,16.273000,55.462000,OK
1,7,adjacent,400,30,16,61,REV,E5,E4,E7,E8,16.359000,58.813000,OK
1,7,adjacent,400,30,16,62,FWD,E4,E5,E8,E9,25.750000,55.701000,OK
1,7,adjacent,400,30,16,63,REV,E5,E4,E8,E9,25.836000,58.813000,OK
1,7,adjacent,400,30,16,64,FWD,E4,E5,E9,E10,0.375000,56.898000,OK
1,7,adjacent,400,30,16,65,REV,E5,E4,E9,E10,0.414000,59.930000,OK
1,7,adjacent,400,30,16,66,FWD,E4,E5,E10,E11,-36.828000,57.058000,OK
1,7,adjacent,400,30,16,67,REV,E5,E4,E10,E11,-25.039000,60.170000,OK
1,7,adjacent,400,30,16,68,FWD,E4,E5,E11,E12,-44.398000,57.776000,OK
1,7,adjacent,400,30,16,69,REV,E5,E4,E11,E12,-35.875000,59.053000,OK
1,7,adjacent,400,30,16,70,FWD,E4,E5,E12,E1,-1.328000,57.856000,OK
1,7,adjacent,400,30,16,71,REV,E5,E4,E12,E1,-1.453000,60.329000,OK
1,7,adjacent,400,30,16,72,FWD,E5,E6,E1,E2,31.141000,43.332000,OK
1,7,adjacent,400,30,16,73,REV,E6,E5,E1,E2,31.844000,92.808000,OK
1,7,adjacent,400,30,16,74,FWD,E5,E6,E2,E3,-79.602000,83.472000,OK
1,7,adjacent,400,30,16,75,REV,E6,E5,E2,E3,-82.125000,88.579000,OK
1,7,adjacent,400,30,16,76,FWD,E5,E6,E3,E4,-69.734000,86.025000,OK
1,7,adjacent,400,30,16,77,REV,E6,E5,E3,E4,-70.352000,89.537000,OK
1,7,adjacent,400,30,16,78,FWD,E5,E6,E7,E8,14.594000,87.142000,OK
1,7,adjacent,400,30,16,79,REV,E6,E5,E7,E8,15.977000,89.377000,OK
1,7,adjacent,400,30,16,80,FWD,E5,E6,E8,E9,25.898000,87.940000,OK
1,7,adjacent,400,30,16,81,REV,E6,E5,E8,E9,26.109000,90.015000,OK
1,7,adjacent,400,30,16,82,FWD,E5,E6,E9,E10,0.234000,87.781000,OK
1,7,adjacent,400,30,16,83,REV,E6,E5,E9,E10,0.336000,90.494000,OK
1,7,adjacent,400,30,16,84,FWD,E5,E6,E10,E11,-44.000000,88.100000,OK
1,7,adjacent,400,30,16,85,REV,E6,E5,E10,E11,-25.539000,90.175000,OK
1,7,adjacent,400,30,16,86,FWD,E5,E6,E11,E12,-45.891000,88.898000,OK
1,7,adjacent,400,30,16,87,REV,E6,E5,E11,E12,-29.359000,91.372000,OK
1,7,adjacent,400,30,16,88,FWD,E5,E6,E12,E1,-6.273000,89.537000,OK
1,7,adjacent,400,30,16,89,REV,E6,E5,E12,E1,-6.297000,92.010000,OK
1,7,adjacent,400,30,16,90,FWD,E6,E7,E1,E2,40.352000,40.140000,OK
1,7,adjacent,400,30,16,91,REV,E7,E6,E1,E2,40.922000,69.108000,OK
1,7,adjacent,400,30,16,92,FWD,E6,E7,E2,E3,140.242000,72.379000,OK
1,7,adjacent,400,30,16,93,REV,E7,E6,E2,E3,-498.687000,65.516000,OK
1,7,adjacent,400,30,16,94,FWD,E6,E7,E3,E4,-62.938000,74.454000,OK
1,7,adjacent,400,30,16,95,REV,E7,E6,E3,E4,-70.063000,66.554000,OK
1,7,adjacent,400,30,16,96,FWD,E6,E7,E4,E5,-70.977000,74.773000,OK
1,7,adjacent,400,30,16,97,REV,E7,E6,E4,E5,-70.992000,67.831000,OK
1,7,adjacent,400,30,16,98,FWD,E6,E7,E8,E9,26.148000,77.167000,OK
1,7,adjacent,400,30,16,99,REV,E7,E6,E8,E9,32.672000,68.629000,OK
1,7,adjacent,400,30,16,100,FWD,E6,E7,E9,E10,0.172000,77.487000,OK
1,7,adjacent,400,30,16,101,REV,E7,E6,E9,E10,0.211000,69.826000,OK
1,7,adjacent,400,30,16,102,FWD,E6,E7,E10,E11,16.516000,77.327000,OK
1,7,adjacent,400,30,16,103,REV,E7,E6,E10,E11,-101.281000,69.427000,OK
1,7,adjacent,400,30,16,104,FWD,E6,E7,E11,E12,9.305000,78.763000,OK
1,7,adjacent,400,30,16,105,REV,E7,E6,E11,E12,-108.375000,70.145000,OK
1,7,adjacent,400,30,16,106,FWD,E6,E7,E12,E1,-10.234000,78.763000,OK
1,7,adjacent,400,30,16,107,REV,E7,E6,E12,E1,-10.297000,71.262000,OK
1,7,adjacent,400,30,16,108,FWD,E7,E8,E1,E2,48.820000,13.008000,OK
1,7,adjacent,400,30,16,109,REV,E8,E7,E1,E2,49.367000,45.167000,OK
1,7,adjacent,400,30,16,110,FWD,E7,E8,E2,E3,-409.922000,39.262000,OK
1,7,adjacent,400,30,16,111,REV,E8,E7,E2,E3,3.313000,42.374000,OK
1,7,adjacent,400,30,16,112,FWD,E7,E8,E3,E4,121.867000,40.778000,OK
1,7,adjacent,400,30,16,113,REV,E8,E7,E3,E4,-467.375000,42.933000,OK
1,7,adjacent,400,30,16,114,FWD,E7,E8,E4,E5,-66.898000,41.576000,OK
1,7,adjacent,400,30,16,115,REV,E8,E7,E4,E5,-66.914000,42.614000,OK
1,7,adjacent,400,30,16,116,FWD,E7,E8,E5,E6,-3.727000,42.534000,OK
1,7,adjacent,400,30,16,117,REV,E8,E7,E5,E6,-3.383000,42.933000,OK
1,7,adjacent,400,30,16,118,FWD,E7,E8,E9,E10,0.398000,43.013000,OK
1,7,adjacent,400,30,16,119,REV,E8,E7,E9,E10,1.406000,43.491000,OK
1,7,adjacent,400,30,16,120,FWD,E7,E8,E10,E11,-74.500000,43.491000,OK
1,7,adjacent,400,30,16,121,REV,E8,E7,E10,E11,-16.609000,43.651000,OK
1,7,adjacent,400,30,16,122,FWD,E7,E8,E11,E12,-76.125000,44.289000,OK
1,7,adjacent,400,30,16,123,REV,E8,E7,E11,E12,-16.594000,44.130000,OK
1,7,adjacent,400,30,16,124,FWD,E7,E8,E12,E1,-13.750000,44.688000,OK
1,7,adjacent,400,30,16,125,REV,E8,E7,E12,E1,-13.789000,44.289000,OK
1,7,adjacent,400,30,16,126,FWD,E8,E9,E1,E2,56.813000,16.998000,OK
1,7,adjacent,400,30,16,127,REV,E9,E8,E1,E2,57.383000,52.270000,OK
1,7,adjacent,400,30,16,128,FWD,E8,E9,E2,E3,-29.953000,43.013000,OK
1,7,adjacent,400,30,16,129,REV,E9,E8,E2,E3,-32.531000,48.758000,OK
1,7,adjacent,400,30,16,130,FWD,E8,E9,E3,E4,-428.844000,45.167000,OK
1,7,adjacent,400,30,16,131,REV,E9,E8,E3,E4,205.750000,49.796000,OK
1,7,adjacent,400,30,16,132,FWD,E8,E9,E4,E5,-65.594000,46.125000,OK
1,7,adjacent,400,30,16,133,REV,E9,E8,E4,E5,-65.789000,49.477000,OK
1,7,adjacent,400,30,16,134,FWD,E8,E9,E5,E6,4.812000,48.279000,OK
1,7,adjacent,400,30,16,135,REV,E9,E8,E5,E6,4.891000,49.796000,OK
1,7,adjacent,400,30,16,136,FWD,E8,E9,E6,E7,-6.187000,48.040000,OK
1,7,adjacent,400,30,16,137,REV,E9,E8,E6,E7,-3.813000,50.434000,OK
1,7,adjacent,400,30,16,138,FWD,E8,E9,E10,E11,-24.844000,48.359000,OK
1,7,adjacent,400,30,16,139,REV,E9,E8,E10,E11,-10.297000,50.195000,OK
1,7,adjacent,400,30,16,140,FWD,E8,E9,E11,E12,-42.984000,49.157000,OK
1,7,adjacent,400,30,16,141,REV,E9,E8,E11,E12,-22.078000,50.594000,OK
1,7,adjacent,400,30,16,142,FWD,E8,E9,E12,E1,-16.336000,48.918000,OK
1,7,adjacent,400,30,16,143,REV,E9,E8,E12,E1,-16.242000,51.791000,OK
1,7,adjacent,400,30,16,144,FWD,E9,E10,E1,E2,63.688000,47.721000,OK
1,7,adjacent,400,30,16,145,REV,E10,E9,E1,E2,64.234000,88.340000,OK
1,7,adjacent,400,30,16,146,FWD,E9,E10,E2,E3,-66.656000,77.806000,OK
1,7,adjacent,400,30,16,147,REV,E10,E9,E2,E3,-66.688000,86.424000,OK
1,7,adjacent,400,30,16,148,FWD,E9,E10,E3,E4,46.641000,79.721000,OK
1,7,adjacent,400,30,16,149,REV,E10,E9,E3,E4,42.414000,87.781000,OK
1,7,adjacent,400,30,16,150,FWD,E9,E10,E4,E5,-65.477000,81.237000,OK
1,7,adjacent,400,30,16,151,REV,E10,E9,E4,E5,-65.742000,88.020000,OK
1,7,adjacent,400,30,16,152,FWD,E9,E10,E5,E6,10.406000,82.833000,OK
1,7,adjacent,400,30,16,153,REV,E10,E9,E5,E6,10.375000,89.217000,OK
1,7,adjacent,400,30,16,154,FWD,E9,E10,E6,E7,-11.250000,82.913000,OK
1,7,adjacent,400,30,16,155,REV,E10,E9,E6,E7,-11.266000,89.936000,OK
1,7,adjacent,400,30,16,156,FWD,E9,E10,E7,E8,57.695000,84.908000,OK
1,7,adjacent,400,30,16,157,REV,E10,E9,E7,E8,57.469000,90.494000,OK
1,7,adjacent,400,30,16,158,FWD,E9,E10,E11,E12,-22.172000,84.828000,OK
1,7,adjacent,400,30,16,159,REV,E10,E9,E11,E12,-19.875000,91.372000,OK
1,7,adjacent,400,30,16,160,FWD,E9,E10,E12,E1,-17.555000,84.429000,OK
1,7,adjacent,400,30,16,161,REV,E10,E9,E12,E1,-17.320000,90.973000,OK
1,7,adjacent,400,30,16,162,FWD,E10,E11,E1,E2,69.984000,58.175000,OK
1,7,adjacent,400,30,16,163,REV,E11,E10,E1,E2,70.664000,120.739000,OK
1,7,adjacent,400,30,16,164,FWD,E10,E11,E2,E3,-76.156000,113.158000,OK
1,7,adjacent,400,30,16,165,REV,E11,E10,E2,E3,-75.477000,117.706000,OK
1,7,adjacent,400,30,16,166,FWD,E10,E11,E3,E4,-0.250000,115.871000,OK
1,7,adjacent,400,30,16,167,REV,E11,E10,E3,E4,0.336000,119.462000,OK
1,7,adjacent,400,30,16,168,FWD,E10,E11,E4,E5,-65.789000,116.908000,OK
1,7,adjacent,400,30,16,169,REV,E11,E10,E4,E5,-66.578000,119.382000,OK
1,7,adjacent,400,30,16,170,FWD,E10,E11,E5,E6,15.008000,117.547000,OK
1,7,adjacent,400,30,16,171,REV,E11,E10,E5,E6,14.641000,120.020000,OK
1,7,adjacent,400,30,16,172,FWD,E10,E11,E6,E7,-13.969000,117.307000,OK
1,7,adjacent,400,30,16,173,REV,E11,E10,E6,E7,-13.781000,120.739000,OK
1,7,adjacent,400,30,16,174,FWD,E10,E11,E7,E8,38.172000,118.265000,OK
1,7,adjacent,400,30,16,175,REV,E11,E10,E7,E8,38.336000,120.739000,OK
1,7,adjacent,400,30,16,176,FWD,E10,E11,E8,E9,-68.797000,118.504000,OK
1,7,adjacent,400,30,16,177,REV,E11,E10,E8,E9,-3.813000,121.776000,OK
1,7,adjacent,400,30,16,178,FWD,E10,E11,E12,E1,-17.414000,118.424000,OK
1,7,adjacent,400,30,16,179,REV,E11,E10,E12,E1,-13.984000,122.015000,OK
1,7,adjacent,400,30,16,180,FWD,E11,E12,E1,E2,75.563000,67.990000,OK
1,7,adjacent,400,30,16,181,REV,E12,E11,E1,E2,76.594000,161.038000,OK
1,7,adjacent,400,30,16,182,FWD,E11,E12,E2,E3,-82.727000,146.754000,OK
1,7,adjacent,400,30,16,183,REV,E12,E11,E2,E3,-81.813000,152.260000,OK
1,7,adjacent,400,30,16,184,FWD,E11,E12,E3,E4,-13.281000,149.706000,OK
1,7,adjacent,400,30,16,185,REV,E12,E11,E3,E4,-12.555000,151.861000,OK
1,7,adjacent,400,30,16,186,FWD,E11,E12,E4,E5,-66.195000,151.542000,OK
1,7,adjacent,400,30,16,187,REV,E12,E11,E4,E5,-67.672000,152.819000,OK
1,7,adjacent,400,30,16,188,FWD,E11,E12,E5,E6,18.922000,151.701000,OK
1,7,adjacent,400,30,16,189,REV,E12,E11,E5,E6,18.227000,153.297000,OK
1,7,adjacent,400,30,16,190,FWD,E11,E12,E6,E7,-15.328000,154.016000,OK
1,7,adjacent,400,30,16,191,REV,E12,E11,E6,E7,-15.172000,153.936000,OK
1,7,adjacent,400,30,16,192,FWD,E11,E12,E7,E8,31.117000,153.696000,OK
1,7,adjacent,400,30,16,193,REV,E12,E11,E7,E8,31.070000,154.814000,OK
1,7,adjacent,400,30,16,194,FWD,E11,E12,E8,E9,22.773000,154.494000,OK
1,7,adjacent,400,30,16,195,REV,E12,E11,E8,E9,22.945000,154.255000,OK
1,7,adjacent,400,30,16,196,FWD,E11,E12,E9,E10,-12.359000,155.053000,OK
1,7,adjacent,400,30,16,197,REV,E12,E11,E9,E10,-0.672000,155.133000,OK
1,7,adjacent,400,30,16,198,FWD,E12,E1,E2,E3,-87.008000,52.270000,OK
1,7,adjacent,400,30,16,199,REV,E1,E12,E2,E3,-85.672000,143.163000,OK
1,7,adjacent,400,30,16,200,FWD,E12,E1,E3,E4,-19.359000,131.272000,OK
1,7,adjacent,400,30,16,201,REV,E1,E12,E3,E4,-18.531000,135.023000,OK
1,7,adjacent,400,30,16,202,FWD,E12,E1,E4,E5,83.984000,135.103000,OK
1,7,adjacent,400,30,16,203,REV,E1,E12,E4,E5,-387.234000,136.060000,OK
1,7,adjacent,400,30,16,204,FWD,E12,E1,E5,E6,21.859000,136.938000,OK
1,7,adjacent,400,30,16,205,REV,E1,E12,E5,E6,20.578000,136.380000,OK
1,7,adjacent,400,30,16,206,FWD,E12,E1,E6,E7,-16.078000,137.976000,OK
1,7,adjacent,400,30,16,207,REV,E1,E12,E6,E7,-15.938000,137.497000,OK
1,7,adjacent,400,30,16,208,FWD,E12,E1,E7,E8,26.797000,139.013000,OK
1,7,adjacent,400,30,16,209,REV,E1,E12,E7,E8,26.734000,137.816000,OK
1,7,adjacent,400,30,16,210,FWD,E12,E1,E8,E9,25.109000,139.572000,OK
1,7,adjacent,400,30,16,211,REV,E1,E12,E8,E9,25.492000,138.135000,OK
1,7,adjacent,400,30,16,212,FWD,E12,E1,E9,E10,1.852000,139.412000,OK
1,7,adjacent,400,30,16,213,REV,E1,E12,E9,E10,1.937000,138.614000,OK
1,7,adjacent,400,30,16,214,FWD,E12,E1,E10,E11,-50.570000,140.370000,OK
1,7,adjacent,400,30,16,215,REV,E1,E12,E10,E11,-43.961000,138.534000,OK
2,8,adjacent,400,30,16,0,FWD,E1,E2,E3,E4,-23.297000,23.781000,OK
2,8,adjacent,400,30,16,1,REV,E2,E1,E3,E4,-22.094000,119.861000,OK
2,8,adjacent,400,30,16,2,FWD,E1,E2,E4,E5,-335.219000,98.155000,OK
2,8,adjacent,400,30,16,3,REV,E2,E1,E4,E5,47.609000,107.651000,OK
2,8,adjacent,400,30,16,4,FWD,E1,E2,E5,E6,159.375000,102.305000,OK
2,8,adjacent,400,30,16,5,REV,E2,E1,E5,E6,-405.828000,106.933000,OK
2,8,adjacent,400,30,16,6,FWD,E1,E2,E6,E7,-16.609000,103.422000,OK
2,8,adjacent,400,30,16,7,REV,E2,E1,E6,E7,-16.500000,106.694000,OK
2,8,adjacent,400,30,16,8,FWD,E1,E2,E7,E8,23.617000,104.459000,OK
2,8,adjacent,400,30,16,9,REV,E2,E1,E7,E8,23.531000,108.050000,OK
2,8,adjacent,400,30,16,10,FWD,E1,E2,E8,E9,25.289000,105.896000,OK
2,8,adjacent,400,30,16,11,REV,E2,E1,E8,E9,25.547000,108.290000,OK
2,8,adjacent,400,30,16,12,FWD,E1,E2,E9,E10,1.023000,106.614000,OK
2,8,adjacent,400,30,16,13,REV,E2,E1,E9,E10,1.133000,108.928000,OK
2,8,adjacent,400,30,16,14,FWD,E1,E2,E10,E11,-27.062000,106.853000,OK
2,8,adjacent,400,30,16,15,REV,E2,E1,E10,E11,-50.656000,109.088000,OK
2,8,adjacent,400,30,16,16,FWD,E1,E2,E11,E12,-43.750000,107.571000,OK
2,8,adjacent,400,30,16,17,REV,E2,E1,E11,E12,-51.867000,109.008000,OK
2,8,adjacent,400,30,16,18,FWD,E2,E3,E4,E5,47.125000,26.095000,OK
2,8,adjacent,400,30,16,19,REV,E3,E2,E4,E5,36.203000,77.407000,OK
2,8,adjacent,400,30,16,20,FWD,E2,E3,E5,E6,-341.844000,69.028000,OK
2,8,adjacent,400,30,16,21,REV,E3,E2,E5,E6,74.719000,70.544000,OK
2,8,adjacent,400,30,16,22,FWD,E2,E3,E6,E7,-17.016000,70.464000,OK
2,8,adjacent,400,30,16,23,REV,E3,E2,E6,E7,-16.891000,70.863000,OK
2,8,adjacent,400,30,16,24,FWD,E2,E3,E7,E8,21.031000,72.220000,OK
2,8,adjacent,400,30,16,25,REV,E3,E2,E7,E8,20.984000,71.023000,OK
2,8,adjacent,400,30,16,26,FWD,E2,E3,E8,E9,25.406000,73.018000,OK
2,8,adjacent,400,30,16,27,REV,E3,E2,E8,E9,25.555000,72.220000,OK
2,8,adjacent,400,30,16,28,FWD,E2,E3,E9,E10,0.711000,73.975000,OK
2,8,adjacent,400,30,16,29,REV,E3,E2,E9,E10,0.750000,72.140000,OK
2,8,adjacent,400,30,16,30,FWD,E2,E3,E10,E11,-28.008000,74.215000,OK
2,8,adjacent,400,30,16,31,REV,E3,E2,E10,E11,-47.031000,72.060000,OK
2,8,adjacent,400,30,16,32,FWD,E2,E3,E11,E12,-44.047000,73.576000,OK
2,8,adjacent,400,30,16,33,REV,E3,E2,E11,E12,-47.953000,72.539000,OK
2,8,adjacent,400,30,16,34,FWD,E2,E3,E12,E1,15.125000,74.773000,OK
2,8,adjacent,400,30,16,35,REV,E3,E2,E12,E1,14.938000,72.220000,OK
2,8,adjacent,400,30,16,36,FWD,E3,E4,E1,E2,58.055000,16.599000,OK
2,8,adjacent,400,30,16,37,REV,E4,E3,E1,E2,43.242000,53.866000,OK
2,8,adjacent,400,30,16,38,FWD,E3,E4,E5,E6,35.195000,46.604000,OK
2,8,adjacent,400,30,16,39,REV,E4,E3,E5,E6,43.547000,49.157000,OK
2,8,adjacent,400,30,16,40,FWD,E3,E4,E6,E7,-17.344000,49.078000,OK
2,8,adjacent,400,30,16,41,REV,E4,E3,E6,E7,-17.187000,49.796000,OK
2,8,adjacent,400,30,16,42,FWD,E3,E4,E7,E8,18.625000,50.354000,OK
2,8,adjacent,400,30,16,43,REV,E4,E3,E7,E8,18.555000,49.955000,OK
2,8,adjacent,400,30,16,44,FWD,E3,E4,E8,E9,25.562000,51.312000,OK
2,8,adjacent,400,30,16,45,REV,E4,E3,E8,E9,25.687000,50.354000,OK
2,8,adjacent,400,30,16,46,FWD,E3,E4,E9,E10,0.477000,51.392000,OK
2,8,adjacent,400,30,16,47,REV,E4,E3,E9,E10,0.516000,50.275000,OK
2,8,adjacent,400,30,16,48,FWD,E3,E4,E10,E11,-26.562000,51.631000,OK
2,8,adjacent,400,30,16,49,REV,E4,E3,E10,E11,-40.891000,50.275000,OK
2,8,adjacent,400,30,16,50,FWD,E3,E4,E11,E12,-40.984000,51.791000,OK
2,8,adjacent,400,30,16,51,REV,E4,E3,E11,E12,-45.195000,50.594000,OK
2,8,adjacent,400,30,16,52,FWD,E3,E4,E12,E1,5.547000,52.748000,OK
2,8,adjacent,400,30,16,53,REV,E4,E3,E12,E1,5.336000,51.631000,OK
2,8,adjacent,400,30,16,54,FWD,E4,E5,E1,E2,23.133000,19.631000,OK
2,8,adjacent,400,30,16,55,REV,E5,E4,E1,E2,23.680000,62.963000,OK
2,8,adjacent,400,30,16,56,FWD,E4,E5,E2,E3,-79.484000,51.950000,OK
2,8,adjacent,400,30,16,57,REV,E5,E4,E2,E3,-80.109000,58.813000,OK
2,8,adjacent,400,30,16,58,FWD,E4,E5,E6,E7,-17.703000,54.025000,OK
2,8,adjacent,400,30,16,59,REV,E5,E4,E6,E7,-17.312000,59.212000,OK
2,8,adjacent,400,30,16,60,FWD,E4,E5,E7,E8,16.609000,56.260000,OK
2,8,adjacent,400,30,16,61,REV,E5,E4,E7,E8,16.703000,59.053000,OK
2,8,adjacent,400,30,16,62,FWD,E4,E5,E8,E9,25.719000,56.020000,OK
2,8,adjacent,400,30,16,63,REV,E5,E4,E8,E9,25.836000,59.372000,OK
2,8,adjacent,400,30,16,64,FWD,E4,E5,E9,E10,0.320000,56.579000,OK
2,8,adjacent,400,30,16,65,REV,E5,E4,E9,E10,0.383000,59.292000,OK
2,8,adjacent,400,30,16,66,FWD,E4,E5,E10,E11,-40.016000,57.058000,OK
2,8,adjacent,400,30,16,67,REV,E5,E4,E10,E11,-26.875000,60.090000,OK
2,8,adjacent,400,30,16,68,FWD,E4,E5,E11,E12,-43.281000,57.457000,OK
2,8,adjacent,400,30,16,69,REV,E5,E4,E11,E12,-38.906000,59.292000,OK
2,8,adjacent,400,30,16,70,FWD,E4,E5,E12,E1,-0.789000,57.457000,OK
2,8,adjacent,400,30,16,71,REV,E5,E4,E12,E1,-0.914000,60.409000,OK
2,8,adjacent,400,30,16,72,FWD,E5,E6,E1,E2,31.578000,45.008000,OK
2,8,adjacent,400,30,16,73,REV,E6,E5,E1,E2,32.305000,92.729000,OK
2,8,adjacent,400,30,16,74,FWD,E5,E6,E2,E3,-80.258000,83.312000,OK
2,8,adjacent,400,30,16,75,REV,E6,E5,E2,E3,-82.836000,88.978000,OK
2,8,adjacent,400,30,16,76,FWD,E5,E6,E3,E4,-70.039000,85.546000,OK
2,8,adjacent,400,30,16,77,REV,E6,E5,E3,E4,-70.680000,88.818000,OK
2,8,adjacent,400,30,16,78,FWD,E5,E6,E7,E8,14.945000,87.382000,OK
2,8,adjacent,400,30,16,79,REV,E6,E5,E7,E8,16.305000,90.095000,OK
2,8,adjacent,400,30,16,80,FWD,E5,E6,E8,E9,25.883000,86.983000,OK
2,8,adjacent,400,30,16,81,REV,E6,E5,E8,E9,26.109000,90.335000,OK
2,8,adjacent,400,30,16,82,FWD,E5,E6,E9,E10,0.148000,88.499000,OK
2,8,adjacent,400,30,16,83,REV,E6,E5,E9,E10,0.250000,90.734000,OK
2,8,adjacent,400,30,16,84,FWD,E5,E6,E10,E11,-40.773000,89.138000,OK
2,8,adjacent,400,30,16,85,REV,E6,E5,E10,E11,-39.234000,90.893000,OK
2,8,adjacent,400,30,16,86,FWD,E5,E6,E11,E12,-47.422000,88.739000,OK
2,8,adjacent,400,30,16,87,REV,E6,E5,E11,E12,-37.914000,91.931000,OK
2,8,adjacent,400,30,16,88,FWD,E5,E6,E12,E1,-5.719000,89.058000,OK
2,8,adjacent,400,30,16,89,REV,E6,E5,E12,E1,-5.781000,91.212000,OK
2,8,adjacent,400,30,16,90,FWD,E6,E7,E1,E2,40.883000,39.501000,OK
2,8,adjacent,400,30,16,91,REV,E7,E6,E1,E2,41.477000,68.948000,OK
2,8,adjacent,400,30,16,92,FWD,E6,E7,E2,E3,139.633000,72.220000,OK
2,8,adjacent,400,30,16,93,REV,E7,E6,E2,E3,-499.656000,65.596000,OK
2,8,adjacent,400,30,16,94,FWD,E6,E7,E3,E4,-63.250000,74.295000,OK
2,8,adjacent,400,30,16,95,REV,E7,E6,E3,E4,-70.414000,66.554000,OK
2,8,adjacent,400,30,16,96,FWD,E6,E7,E4,E5,-71.469000,75.811000,OK
2,8,adjacent,400,30,16,97,REV,E7,E6,E4,E5,-71.445000,67.272000,OK
2,8,adjacent,400,30,16,98,FWD,E6,E7,E8,E9,26.133000,76.768000,OK
2,8,adjacent,400,30,16,99,REV,E7,E6,E8,E9,32.664000,68.948000,OK
2,8,adjacent,400,30,16,100,FWD,E6,E7,E9,E10,0.070000,77.327000,OK
2,8,adjacent,400,30,16,101,REV,E7,E6,E9,E10,0.148000,69.108000,OK
2,8,adjacent,400,30,16,102,FWD,E6,E7,E10,E11,18.258000,77.646000,OK
2,8,adjacent,400,30,16,103,REV,E7,E6,E10,E11,-103.078000,70.624000,OK
2,8,adjacent,400,30,16,104,FWD,E6,E7,E11,E12,12.344000,79.083000,OK
2,8,adjacent,400,30,16,105,REV,E7,E6,E11,E12,-109.000000,70.225000,OK
2,8,adjacent,400,30,16,106,FWD,E6,E7,E12,E1,-9.688000,78.684000,OK
2,8,adjacent,400,30,16,107,REV,E7,E6,E12,E1,-9.750000,71.901000,OK
2,8,adjacent,400,30,16,108,FWD,E7,E8,E1,E2,49.367000,13.566000,OK
2,8,adjacent,400,30,16,109,REV,E8,E7,E1,E2,49.930000,45.806000,OK
2,8,adjacent,400,30,16,110,FWD,E7,E8,E2,E3,-410.734000,38.783000,OK
2,8,adjacent,400,30,16,111,REV,E8,E7,E2,E3,2.516000,42.693000,OK
2,8,adjacent,400,30,16,112,FWD,E7,E8,E3,E4,120.859000,41.337000,OK
2,8,adjacent,400,30,16,113,REV,E8,E7,E3,E4,-468.219000,42.454000,OK
2,8,adjacent,400,30,16,114,FWD,E7,E8,E4,E5,-67.430000,41.816000,OK
2,8,adjacent,400,30,16,115,REV,E8,E7,E4,E5,-67.414000,42.454000,OK
2,8,adjacent,400,30,16,116,FWD,E7,E8,E5,E6,-3.344000,42.693000,OK
2,8,adjacent,400,30,16,117,REV,E8,E7,E5,E6,-2.977000,42.853000,OK
2,8,adjacent,400,30,16,118,FWD,E7,E8,E9,E10,0.367000,43.092000,OK
2,8,adjacent,400,30,16,119,REV,E8,E7,E9,E10,1.367000,42.693000,OK
2,8,adjacent,400,30,16,120,FWD,E7,E8,E10,E11,-73.234000,43.252000,OK
2,8,adjacent,400,30,16,121,REV,E8,E7,E10,E11,-15.875000,43.092000,OK
2,8,adjacent,400,30,16,122,FWD,E7,E8,E11,E12,-75.719000,43.890000,OK
2,8,adjacent,400,30,16,123,REV,E8,E7,E11,E12,-12.648000,42.853000,OK
2,8,adjacent,400,30,16,124,FWD,E7,E8,E12,E1,-13.180000,44.449000,OK
2,8,adjacent,400,30,16,125,REV,E8,E7,E12,E1,-13.250000,44.289000,OK
2,8,adjacent,400,30,16,126,FWD,E8,E9,E1,E2,57.148000,17.077000,OK
2,8,adjacent,400,30,16,127,REV,E9,E8,E1,E2,57.711000,52.190000,OK
2,8,adjacent,400,30,16,128,FWD,E8,E9,E2,E3,-30.625000,42.933000,OK
2,8,adjacent,400,30,16,129,REV,E9,E8,E2,E3,-33.195000,49.556000,OK
2,8,adjacent,400,30,16,130,FWD,E8,E9,E3,E4,-429.437000,45.327000,OK
2,8,adjacent,400,30,16,131,REV,E9,E8,E3,E4,205.187000,49.237000,OK
2,8,adjacent,400,30,16,132,FWD,E8,E9,E4,E5,-66.078000,46.604000,OK
2,8,adjacent,400,30,16,133,REV,E9,E8,E4,E5,-66.297000,49.397000,OK
2,8,adjacent,400,30,16,134,FWD,E8,E9,E5,E6,5.109000,48.040000,OK
2,8,adjacent,400,30,16,135,REV,E9,E8,E5,E6,5.156000,50.275000,OK
2,8,adjacent,400,30,16,136,FWD,E8,E9,E6,E7,-6.102000,48.040000,OK
2,8,adjacent,400,30,16,137,REV,E9,E8,E6,E7,-3.703000,50.514000,OK
2,8,adjacent,400,30,16,138,FWD,E8,E9,E10,E11,-26.234000,48.838000,OK
2,8,adjacent,400,30,16,139,REV,E9,E8,E10,E11,-11.109000,50.674000,OK
2,8,adjacent,400,30,16,140,FWD,E8,E9,E11,E12,-42.039000,49.317000,OK
2,8,adjacent,400,30,16,141,REV,E9,E8,E11,E12,-23.414000,50.753000,OK
2,8,adjacent,400,30,16,142,FWD,E8,E9,E12,E1,-15.797000,49.237000,OK
2,8,adjacent,400,30,16,143,REV,E9,E8,E12,E1,-15.680000,51.392000,OK
2,8,adjacent,400,30,16,144,FWD,E9,E10,E1,E2,64.156000,47.641000,OK
2,8,adjacent,400,30,16,145,REV,E10,E9,E1,E2,64.672000,88.100000,OK
2,8,adjacent,400,30,16,146,FWD,E9,E10,E2,E3,-67.406000,77.487000,OK
2,8,adjacent,400,30,16,147,REV,E10,E9,E2,E3,-67.398000,86.823000,OK
2,8,adjacent,400,30,16,148,FWD,E9,E10,E3,E4,46.172000,79.721000,OK
2,8,adjacent,400,30,16,149,REV,E10,E9,E3,E4,41.930000,87.382000,OK
2,8,adjacent,400,30,16,150,FWD,E9,E10,E4,E5,-65.969000,80.998000,OK
2,8,adjacent,400,30,16,151,REV,E10,E9,E4,E5,-66.242000,87.940000,OK
2,8,adjacent,400,30,16,152,FWD,E9,E10,E5,E6,10.672000,82.195000,OK
2,8,adjacent,400,30,16,153,REV,E10,E9,E5,E6,10.664000,88.739000,OK
2,8,adjacent,400,30,16,154,FWD,E9,E10,E6,E7,-11.203000,82.594000,OK
2,8,adjacent,400,30,16,155,REV,E10,E9,E6,E7,-11.211000,89.537000,OK
2,8,adjacent,400,30,16,156,FWD,E9,E10,E7,E8,58.086000,83.950000,OK
2,8,adjacent,400,30,16,157,REV,E10,E9,E7,E8,57.836000,90.095000,OK
2,8,adjacent,400,30,16,158,FWD,E9,E10,E11,E12,-21.289000,83.711000,OK
2,8,adjacent,400,30,16,159,REV,E10,E9,E11,E12,-17.852000,90.335000,OK
2,8,adjacent,400,30,16,160,FWD,E9,E10,E12,E1,-17.008000,84.828000,OK
2,8,adjacent,400,30,16,161,REV,E10,E9,E12,E1,-16.758000,91.212000,OK
2,8,adjacent,400,30,16,162,FWD,E10,E11,E1,E2,70.367000,57.616000,OK
2,8,adjacent,400,30,16,163,REV,E11,E10,E1,E2,71.055000,121.377000,OK
2,8,adjacent,400,30,16,164,FWD,E10,E11,E2,E3,-76.859000,112.998000,OK
2,8,adjacent,400,30,16,165,REV,E11,E10,E2,E3,-76.219000,117.866000,OK
2,8,adjacent,400,30,16,166,FWD,E10,E11,E3,E4,-0.719000,116.110000,OK
2,8,adjacent,400,30,16,167,REV,E11,E10,E3,E4,-0.164000,118.744000,OK
2,8,adjacent,400,30,16,168,FWD,E10,E11,E4,E5,-66.242000,116.908000,OK
2,8,adjacent,400,30,16,169,REV,E11,E10,E4,E5,-67.055000,119.621000,OK
2,8,adjacent,400,30,16,170,FWD,E10,E11,E5,E6,15.320000,117.227000,OK
2,8,adjacent,400,30,16,171,REV,E11,E10,E5,E6,14.898000,120.020000,OK
2,8,adjacent,400,30,16,172,FWD,E10,E11,E6,E7,-13.938000,117.946000,OK
2,8,adjacent,400,30,16,173,REV,E11,E10,E6,E7,-13.750000,120.659000,OK
2,8,adjacent,400,30,16,174,FWD,E10,E11,E7,E8,38.531000,118.584000,OK
2,8,adjacent,400,30,16,175,REV,E11,E10,E7,E8,38.688000,121.138000,OK
2,8,adjacent,400,30,16,176,FWD,E10,E11,E8,E9,-68.641000,118.345000,OK
2,8,adjacent,400,30,16,177,REV,E11,E10,E8,E9,-4.109000,121.217000,OK
2,8,adjacent,400,30,16,178,FWD,E10,E11,E12,E1,-16.820000,118.664000,OK
2,8,adjacent,400,30,16,179,REV,E11,E10,E12,E1,-13.422000,121.217000,OK
2,8,adjacent,400,30,16,180,FWD,E11,E12,E1,E2,75.906000,67.591000,OK
2,8,adjacent,400,30,16,181,REV,E12,E11,E1,E2,76.953000,161.198000,OK
2,8,adjacent,400,30,16,182,FWD,E11,E12,E2,E3,-83.477000,146.594000,OK
2,8,adjacent,400,30,16,183,REV,E12,E11,E2,E3,-82.508000,151.063000,OK
2,8,adjacent,400,30,16,184,FWD,E11,E12,E3,E4,-13.813000,150.105000,OK
2,8,adjacent,400,30,16,185,REV,E12,E11,E3,E4,-13.086000,152.260000,OK
2,8,adjacent,400,30,16,186,FWD,E11,E12,E4,E5,-66.719000,151.622000,OK
2,8,adjacent,400,30,16,187,REV,E12,E11,E4,E5,-68.141000,152.180000,OK
2,8,adjacent,400,30,16,188,FWD,E11,E12,E5,E6,19.164000,152.340000,OK
2,8,adjacent,400,30,16,189,REV,E12,E11,E5,E6,18.516000,153.297000,OK
2,8,adjacent,400,30,16,190,FWD,E11,E12,E6,E7,-15.297000,153.936000,OK
2,8,adjacent,400,30,16,191,REV,E12,E11,E6,E7,-15.133000,153.776000,OK
2,8,adjacent,400,30,16,192,FWD,E11,E12,E7,E8,31.484000,153.537000,OK
2,8,adjacent,400,30,16,193,REV,E12,E11,E7,E8,31.430000,155.133000,OK
2,8,adjacent,400,30,16,194,FWD,E11,E12,E8,E9,22.828000,154.335000,OK
2,8,adjacent,400,30,16,195,REV,E12,E11,E8,E9,22.945000,154.095000,OK
2,8,adjacent,400,30,16,196,FWD,E11,E12,E9,E10,-12.406000,154.574000,OK
2,8,adjacent,400,30,16,197,REV,E12,E11,E9,E10,-0.773000,154.893000,OK
2,8,adjacent,400,30,16,198,FWD,E12,E1,E2,E3,-87.797000,52.110000,OK
2,8,adjacent,400,30,16,199,REV,E1,E12,E2,E3,-86.414000,142.923000,OK
2,8,adjacent,400,30,16,200,FWD,E12,E1,E3,E4,-19.937000,130.634000,OK
2,8,adjacent,400,30,16,201,REV,E1,E12,E3,E4,-19.078000,135.103000,OK
2,8,adjacent,400,30,16,202,FWD,E12,E1,E4,E5,83.188000,134.943000,OK
2,8,adjacent,400,30,16,203,REV,E1,E12,E4,E5,-387.781000,135.023000,OK
2,8,adjacent,400,30,16,204,FWD,E12,E1,E5,E6,22.187000,135.901000,OK
2,8,adjacent,400,30,16,205,REV,E1,E12,E5,E6,20.828000,136.060000,OK
2,8,adjacent,400,30,16,206,FWD,E12,E1,E6,E7,-16.016000,138.055000,OK
2,8,adjacent,400,30,16,207,REV,E1,E12,E6,E7,-15.891000,136.380000,OK
2,8,adjacent,400,30,16,208,FWD,E12,E1,E7,E8,27.148000,138.295000,OK
2,8,adjacent,400,30,16,209,REV,E1,E12,E7,E8,27.094000,138.614000,OK
2,8,adjacent,400,30,16,210,FWD,E12,E1,E8,E9,25.094000,140.130000,OK
2,8,adjacent,400,30,16,211,REV,E1,E12,E8,E9,25.492000,137.736000,OK
2,8,adjacent,400,30,16,212,FWD,E12,E1,E9,E10,1.789000,140.370000,OK
2,8,adjacent,400,30,16,213,REV,E1,E12,E9,E10,1.937000,138.774000,OK
2,8,adjacent,400,30,16,214,FWD,E12,E1,E10,E11,-51.859000,140.130000,OK
2,8,adjacent,400,30,16,215,REV,E1,E12,E10,E11,-42.156000,138.694000,OK
3,9,adjacent,400,30,16,0,FWD,E1,E2,E3,E4,-23.898000,24.180000,OK
3,9,adjacent,400,30,16,1,REV,E2,E1,E3,E4,-22.617000,119.462000,OK
3,9,adjacent,400,30,16,2,FWD,E1,E2,E4,E5,-335.734000,98.394000,OK
3,9,adjacent,400,30,16,3,REV,E2,E1,E4,E5,47.078000,108.449000,OK
3,9,adjacent,400,30,16,4,FWD,E1,E2,E5,E6,159.352000,101.507000,OK
3,9,adjacent,400,30,16,5,REV,E2,E1,E5,E6,-406.109000,107.891000,OK
3,9,adjacent,400,30,16,6,FWD,E1,E2,E6,E7,-16.609000,104.140000,OK
3,9,adjacent,400,30,16,7,REV,E2,E1,E6,E7,-16.469000,106.933000,OK
3,9,adjacent,400,30,16,8,FWD,E1,E2,E7,E8,23.977000,104.699000,OK
3,9,adjacent,400,30,16,9,REV,E2,E1,E7,E8,23.875000,107.651000,OK
3,9,adjacent,400,30,16,10,FWD,E1,E2,E8,E9,25.258000,105.656000,OK
3,9,adjacent,400,30,16,11,REV,E2,E1,E8,E9,25.531000,107.731000,OK
3,9,adjacent,400,30,16,12,FWD,E1,E2,E9,E10,0.992000,105.736000,OK
3,9,adjacent,400,30,16,13,REV,E2,E1,E9,E10,1.125000,108.290000,OK
3,9,adjacent,400,30,16,14,FWD,E1,E2,E10,E11,-24.977000,106.853000,OK
3,9,adjacent,400,30,16,15,REV,E2,E1,E10,E11,-47.203000,108.130000,OK
3,9,adjacent,400,30,16,16,FWD,E1,E2,E11,E12,-41.047000,106.534000,OK
3,9,adjacent,400,30,16,17,REV,E2,E1,E11,E12,-50.578000,108.848000,OK
3,9,adjacent,400,30,16,18,FWD,E2,E3,E4,E5,46.586000,26.095000,OK
3,9,adjacent,400,30,16,19,REV,E3,E2,E4,E5,35.625000,77.088000,OK
3,9,adjacent,400,30,16,20,FWD,E2,E3,E5,E6,-341.781000,68.230000,OK
3,9,adjacent,400,30,16,21,REV,E3,E2,E5,E6,74.742000,71.182000,OK
3,9,adjacent,400,30,16,22,FWD,E2,E3,E6,E7,-16.984000,71.741000,OK
3,9,adjacent,400,30,16,23,REV,E3,E2,E6,E7,-16.883000,70.704000,OK
3,9,adjacent,400,30,16,24,FWD,E2,E3,E7,E8,21.375000,72.699000,OK
3,9,adjacent,400,30,16,25,REV,E3,E2,E7,E8,21.328000,71.342000,OK
3,9,adjacent,400,30,16,26,FWD,E2,E3,E8,E9,25.422000,73.177000,OK
3,9,adjacent,400,30,16,27,REV,E3,E2,E8,E9,25.594000,71.581000,OK
3,9,adjacent,400,30,16,28,FWD,E2,E3,E9,E10,0.680000,73.497000,OK
3,9,adjacent,400,30,16,29,REV,E3,E2,E9,E10,0.719000,71.901000,OK
3,9,adjacent,400,30,16,30,FWD,E2,E3,E10,E11,-24.172000,73.816000,OK
3,9,adjacent,400,30,16,31,REV,E3,E2,E10,E11,-45.672000,72.140000,OK
3,9,adjacent,400,30,16,32,FWD,E2,E3,E11,E12,-32.734000,74.055000,OK
3,9,adjacent,400,30,16,33,REV,E3,E2,E11,E12,-47.445000,73.337000,OK
3,9,adjacent,400,30,16,34,FWD,E2,E3,E12,E1,15.391000,74.773000,OK
3,9,adjacent,400,30,16,35,REV,E3,E2,E12,E1,15.195000,72.619000,OK
3,9,adjacent,400,30,16,36,FWD,E3,E4,E1,E2,58.469000,16.279000,OK
3,9,adjacent,400,30,16,37,REV,E4,E3,E1,E2,43.656000,53.706000,OK
3,9,adjacent,400,30,16,38,FWD,E3,E4,E5,E6,35.352000,46.364000,OK
3,9,adjacent,400,30,16,39,REV,E4,E3,E5,E6,43.742000,49.157000,OK
3,9,adjacent,400,30,16,40,FWD,E3,E4,E6,E7,-17.383000,49.237000,OK
3,9,adjacent,400,30,16,41,REV,E4,E3,E6,E7,-17.211000,50.035000,OK
3,9,adjacent,400,30,16,42,FWD,E3,E4,E7,E8,19.008000,50.195000,OK
3,9,adjacent,400,30,16,43,REV,E4,E3,E7,E8,18.937000,50.195000,OK
3,9,adjacent,400,30,16,44,FWD,E3,E4,E8,E9,25.602000,51.232000,OK
3,9,adjacent,400,30,16,45,REV,E4,E3,E8,E9,25.703000,50.514000,OK
3,9,adjacent,400,30,16,46,FWD,E3,E4,E9,E10,0.445000,52.110000,OK
3,9,adjacent,400,30,16,47,REV,E4,E3,E9,E10,0.508000,50.594000,OK
3,9,adjacent,400,30,16,48,FWD,E3,E4,E10,E11,-24.961000,52.030000,OK
3,9,adjacent,400,30,16,49,REV,E4,E3,E10,E11,-38.016000,51.073000,OK
3,9,adjacent,400,30,16,50,FWD,E3,E4,E11,E12,-40.508000,52.349000,OK
3,9,adjacent,400,30,16,51,REV,E4,E3,E11,E12,-44.914000,50.354000,OK
3,9,adjacent,400,30,16,52,FWD,E3,E4,E12,E1,5.820000,52.988000,OK
3,9,adjacent,400,30,16,53,REV,E4,E3,E12,E1,5.578000,51.073000,OK
3,9,adjacent,400,30,16,54,FWD,E4,E5,E1,E2,23.547000,19.711000,OK
3,9,adjacent,400,30,16,55,REV,E5,E4,E1,E2,24.086000,62.324000,OK
3,9,adjacent,400,30,16,56,FWD,E4,E5,E2,E3,-80.266000,51.472000,OK
3,9,adjacent,400,30,16,57,REV,E5,E4,E2,E3,-80.914000,58.973000,OK
3,9,adjacent,400,30,16,58,FWD,E4,E5,E6,E7,-17.719000,54.424000,OK
3,9,adjacent,400,30,16,59,REV,E5,E4,E6,E7,-17.344000,58.334000,OK
3,9,adjacent,400,30,16,60,FWD,E4,E5,E7,E8,16.945000,55.621000,OK
3,9,adjacent,400,30,16,61,REV,E5,E4,E7,E8,17.039000,59.292000,OK
3,9,adjacent,400,30,16,62,FWD,E4,E5,E8,E9,25.766000,56.579000,OK
3,9,adjacent,400,30,16,63,REV,E5,E4,E8,E9,25.867000,58.973000,OK
3,9,adjacent,400,30,16,64,FWD,E4,E5,E9,E10,0.305000,56.499000,OK
3,9,adjacent,400,30,16,65,REV,E5,E4,E9,E10,0.359000,59.851000,OK
3,9,adjacent,400,30,16,66,FWD,E4,E5,E10,E11,-33.219000,57.776000,OK
3,9,adjacent,400,30,16,67,REV,E5,E4,E10,E11,-27.117000,59.531000,OK
3,9,adjacent,400,30,16,68,FWD,E4,E5,E11,E12,-40.945000,58.255000,OK
3,9,adjacent,400,30,16,69,REV,E5,E4,E11,E12,-32.234000,60.569000,OK
3,9,adjacent,400,30,16,70,FWD,E4,E5,E12,E1,-0.492000,58.095000,OK
3,9,adjacent,400,30,16,71,REV,E5,E4,E12,E1,-0.578000,60.170000,OK
3,9,adjacent,400,30,16,72,FWD,E5,E6,E1,E2,31.906000,44.529000,OK
3,9,adjacent,400,30,16,73,REV,E6,E5,E1,E2,32.648000,92.569000,OK
3,9,adjacent,400,30,16,74,FWD,E5,E6,E2,E3,-81.047000,83.392000,OK
3,9,adjacent,400,30,16,75,REV,E6,E5,E2,E3,-83.586000,88.419000,OK
3,9,adjacent,400,30,16,76,FWD,E5,E6,E3,E4,-70.633000,85.786000,OK
3,9,adjacent,400,30,16,77,REV,E6,E5,E3,E4,-71.289000,89.377000,OK
3,9,adjacent,400,30,16,78,FWD,E5,E6,E7,E8,15.281000,86.584000,OK
3,9,adjacent,400,30,16,79,REV,E6,E5,E7,E8,16.594000,89.537000,OK
3,9,adjacent,400,30,16,80,FWD,E5,E6,E8,E9,25.922000,87.222000,OK
3,9,adjacent,400,30,16,81,REV,E6,E5,E8,E9,26.172000,90.574000,OK
3,9,adjacent,400,30,16,82,FWD,E5,E6,E9,E10,0.133000,88.180000,OK
3,9,adjacent,400,30,16,83,REV,E6,E5,E9,E10,0.234000,90.414000,OK
3,9,adjacent,400,30,16,84,FWD,E5,E6,E10,E11,-41.914000,89.058000,OK
3,9,adjacent,400,30,16,85,REV,E6,E5,E10,E11,-26.758000,91.532000,OK
3,9,adjacent,400,30,16,86,FWD,E5,E6,E11,E12,-45.156000,88.739000,OK
3,9,adjacent,400,30,16,87,REV,E6,E5,E11,E12,-29.586000,91.691000,OK
3,9,adjacent,400,30,16,88,FWD,E5,E6,E12,E1,-5.414000,89.696000,OK
3,9,adjacent,400,30,16,89,REV,E6,E5,E12,E1,-5.477000,91.771000,OK
3,9,adjacent,400,30,16,90,FWD,E6,E7,E1,E2,41.180000,39.342000,OK
3,9,adjacent,400,30,16,91,REV,E7,E6,E1,E2,41.750000,69.028000,OK
3,9,adjacent,400,30,16,92,FWD,E6,E7,E2,E3,138.969000,72.220000,OK
3,9,adjacent,400,30,16,93,REV,E7,E6,E2,E3,-500.062000,64.878000,OK
3,9,adjacent,400,30,16,94,FWD,E6,E7,E3,E4,-63.883000,74.295000,OK
3,9,adjacent,400,30,16,95,REV,E7,E6,E3,E4,-70.969000,66.793000,OK
3,9,adjacent,400,30,16,96,FWD,E6,E7,E4,E5,-71.586000,75.332000,OK
3,9,adjacent,400,30,16,97,REV,E7,E6,E4,E5,-71.617000,67.112000,OK
3,9,adjacent,400,30,16,98,FWD,E6,E7,E8,E9,26.187000,76.529000,OK
3,9,adjacent,400,30,16,99,REV,E7,E6,E8,E9,32.695000,68.868000,OK
3,9,adjacent,400,30,16,100,FWD,E6,E7,E9,E10,0.047000,77.167000,OK
3,9,adjacent,400,30,16,101,REV,E7,E6,E9,E10,0.141000,69.267000,OK
3,9,adjacent,400,30,16,102,FWD,E6,E7,E10,E11,17.516000,77.726000,OK
3,9,adjacent,400,30,16,103,REV,E7,E6,E10,E11,-99.000000,69.826000,OK
3,9,adjacent,400,30,16,104,FWD,E6,E7,E11,E12,8.781000,78.285000,OK
3,9,adjacent,400,30,16,105,REV,E7,E6,E11,E12,-108.938000,69.586000,OK
3,9,adjacent,400,30,16,106,FWD,E6,E7,E12,E1,-9.367000,78.604000,OK
3,9,adjacent,400,30,16,107,REV,E7,E6,E12,E1,-9.453000,70.863000,OK
3,9,adjacent,400,30,16,108,FWD,E7,E8,E1,E2,49.766000,12.928000,OK
3,9,adjacent,400,30,16,109,REV,E8,E7,E1,E2,50.320000,45.566000,OK
3,9,adjacent,400,30,16,110,FWD,E7,E8,E2,E3,-411.297000,38.544000,OK
3,9,adjacent,400,30,16,111,REV,E8,E7,E2,E3,1.945000,43.092000,OK
3,9,adjacent,400,30,16,112,FWD,E7,E8,E3,E4,120.250000,40.619000,OK
3,9,adjacent,400,30,16,113,REV,E8,E7,E3,E4,-468.750000,42.374000,OK
3,9,adjacent,400,30,16,114,FWD,E7,E8,E4,E5,-67.547000,42.055000,OK
3,9,adjacent,400,30,16,115,REV,E8,E7,E4,E5,-67.602000,41.895000,OK
3,9,adjacent,400,30,16,116,FWD,E7,E8,E5,E6,-2.969000,42.374000,OK
3,9,adjacent,400,30,16,117,REV,E8,E7,E5,E6,-2.664000,42.534000,OK
3,9,adjacent,400,30,16,118,FWD,E7,E8,E9,E10,0.359000,42.853000,OK
3,9,adjacent,400,30,16,119,REV,E8,E7,E9,E10,1.336000,43.412000,OK
3,9,adjacent,400,30,16,120,FWD,E7,E8,E10,E11,-72.078000,43.731000,OK
3,9,adjacent,400,30,16,121,REV,E8,E7,E10,E11,-15.750000,43.491000,OK
3,9,adjacent,400,30,16,122,FWD,E7,E8,E11,E12,-74.828000,44.369000,OK
3,9,adjacent,400,30,16,123,REV,E8,E7,E11,E12,-17.023000,43.491000,OK
3,9,adjacent,400,30,16,124,FWD,E7,E8,E12,E1,-12.867000,44.369000,OK
3,9,adjacent,400,30,16,125,REV,E8,E7,E12,E1,-12.898000,44.050000,OK
3,9,adjacent,400,30,16,126,FWD,E8,E9,E1,E2,57.484000,16.599000,OK
3,9,adjacent,400,30,16,127,REV,E9,E8,E1,E2,58.086000,52.589000,OK
3,9,adjacent,400,30,16,128,FWD,E8,E9,E2,E3,-30.969000,42.933000,OK
3,9,adjacent,400,30,16,129,REV,E9,E8,E2,E3,-33.617000,48.758000,OK
3,9,adjacent,400,30,16,130,FWD,E8,E9,E3,E4,-430.094000,46.125000,OK
3,9,adjacent,400,30,16,131,REV,E9,E8,E3,E4,204.516000,49.317000,OK
3,9,adjacent,400,30,16,132,FWD,E8,E9,E4,E5,-66.320000,46.444000,OK
3,9,adjacent,400,30,16,133,REV,E9,E8,E4,E5,-66.523000,49.796000,OK
3,9,adjacent,400,30,16,134,FWD,E8,E9,E5,E6,5.336000,46.763000,OK
3,9,adjacent,400,30,16,135,REV,E9,E8,E5,E6,5.398000,49.556000,OK
3,9,adjacent,400,30,16,136,FWD,E8,E9,E6,E7,-5.812000,47.641000,OK
3,9,adjacent,400,30,16,137,REV,E9,E8,E6,E7,-3.492000,50.195000,OK
3,9,adjacent,400,30,16,138,FWD,E8,E9,E10,E11,-27.773000,48.838000,OK
3,9,adjacent,400,30,16,139,REV,E9,E8,E10,E11,-11.477000,50.115000,OK
3,9,adjacent,400,30,16,140,FWD,E8,E9,E11,E12,-40.734000,49.157000,OK
3,9,adjacent,400,30,16,141,REV,E9,E8,E11,E12,-22.344000,50.833000,OK
3,9,adjacent,400,30,16,142,FWD,E8,E9,E12,E1,-15.453000,48.758000,OK
3,9,adjacent,400,30,16,143,REV,E9,E8,E12,E1,-15.359000,50.195000,OK
3,9,adjacent,400,30,16,144,FWD,E9,E10,E1,E2,64.352000,47.162000,OK
3,9,adjacent,400,30,16,145,REV,E10,E9,E1,E2,64.883000,88.818000,OK
3,9,adjacent,400,30,16,146,FWD,E9,E10,E2,E3,-67.719000,77.167000,OK
3,9,adjacent,400,30,16,147,REV,E10,E9,E2,E3,-67.758000,86.743000,OK
3,9,adjacent,400,30,16,148,FWD,E9,E10,E3,E4,45.750000,80.040000,OK
3,9,adjacent,400,30,16,149,REV,E10,E9,E3,E4,41.492000,86.903000,OK
3,9,adjacent,400,30,16,150,FWD,E9,E10,E4,E5,-66.211000,81.397000,OK
3,9,adjacent,400,30,16,151,REV,E10,E9,E4,E5,-66.500000,88.020000,OK
3,9,adjacent,400,30,16,152,FWD,E9,E10,E5,E6,10.859000,82.594000,OK
3,9,adjacent,400,30,16,153,REV,E10,E9,E5,E6,10.852000,88.659000,OK
3,9,adjacent,400,30,16,154,FWD,E9,E10,E6,E7,-11.008000,83.312000,OK
3,9,adjacent,400,30,16,155,REV,E10,E9,E6,E7,-11.031000,89.537000,OK
3,9,adjacent,400,30,16,156,FWD,E9,E10,E7,E8,58.320000,82.993000,OK
3,9,adjacent,400,30,16,157,REV,E10,E9,E7,E8,58.078000,89.457000,OK
3,9,adjacent,400,30,16,158,FWD,E9,E10,E11,E12,-23.883000,84.589000,OK
3,9,adjacent,400,30,16,159,REV,E10,E9,E11,E12,-18.227000,91.292000,OK
3,9,adjacent,400,30,16,160,FWD,E9,E10,E12,E1,-16.664000,84.589000,OK
3,9,adjacent,400,30,16,161,REV,E10,E9,E12,E1,-16.414000,91.452000,OK
3,9,adjacent,400,30,16,162,FWD,E10,E11,E1,E2,70.625000,57.137000,OK
3,9,adjacent,400,30,16,163,REV,E11,E10,E1,E2,71.328000,120.659000,OK
3,9,adjacent,400,30,16,164,FWD,E10,E11,E2,E3,-77.281000,112.040000,OK
3,9,adjacent,400,30,16,165,REV,E11,E10,E2,E3,-76.594000,118.345000,OK
3,9,adjacent,400,30,16,166,FWD,E10,E11,E3,E4,-1.141000,115.951000,OK
3,9,adjacent,400,30,16,167,REV,E11,E10,E3,E4,-0.562000,118.105000,OK
3,9,adjacent,400,30,16,168,FWD,E10,E11,E4,E5,-66.563000,116.828000,OK
3,9,adjacent,400,30,16,169,REV,E11,E10,E4,E5,-67.320000,119.382000,OK
3,9,adjacent,400,30,16,170,FWD,E10,E11,E5,E6,15.500000,116.988000,OK
3,9,adjacent,400,30,16,171,REV,E11,E10,E5,E6,15.086000,120.180000,OK
3,9,adjacent,400,30,16,172,FWD,E10,E11,E6,E7,-13.766000,117.786000,OK
3,9,adjacent,400,30,16,173,REV,E11,E10,E6,E7,-13.594000,120.898000,OK
3,9,adjacent,400,30,16,174,FWD,E10,E11,E7,E8,38.758000,117.227000,OK
3,9,adjacent,400,30,16,175,REV,E11,E10,E7,E8,38.922000,121.217000,OK
3,9,adjacent,400,30,16,176,FWD,E10,E11,E8,E9,-68.445000,118.504000,OK
3,9,adjacent,400,30,16,177,REV,E11,E10,E8,E9,-4.375000,121.616000,OK
3,9,adjacent,400,30,16,178,FWD,E10,E11,E12,E1,-16.531000,117.866000,OK
3,9,adjacent,400,30,16,179,REV,E11,E10,E12,E1,-13.141000,121.457000,OK
3,9,adjacent,400,30,16,180,FWD,E11,E12,E1,E2,76.172000,67.511000,OK
3,9,adjacent,400,30,16,181,REV,E12,E11,E1,E2,77.180000,161.676000,OK
3,9,adjacent,400,30,16,182,FWD,E11,E12,E2,E3,-83.813000,146.275000,OK
3,9,adjacent,400,30,16,183,REV,E12,E11,E2,E3,-82.859000,151.941000,OK
3,9,adjacent,400,30,16,184,FWD,E11,E12,E3,E4,-14.211000,149.786000,OK
3,9,adjacent,400,30,16,185,REV,E12,E11,E3,E4,-13.516000,151.382000,OK
3,9,adjacent,400,30,16,186,FWD,E11,E12,E4,E5,-67.008000,151.462000,OK
3,9,adjacent,400,30,16,187,REV,E12,E11,E4,E5,-68.445000,152.340000,OK
3,9,adjacent,400,30,16,188,FWD,E11,E12,E5,E6,19.312000,152.579000,OK
3,9,adjacent,400,30,16,189,REV,E12,E11,E5,E6,18.625000,152.420000,OK
3,9,adjacent,400,30,16,190,FWD,E11,E12,E6,E7,-15.172000,153.696000,OK
3,9,adjacent,400,30,16,191,REV,E12,E11,E6,E7,-15.000000,153.936000,OK
3,9,adjacent,400,30,16,192,FWD,E11,E12,E7,E8,31.711000,153.696000,OK
3,9,adjacent,400,30,16,193,REV,E12,E11,E7,E8,31.664000,154.335000,OK
3,9,adjacent,400,30,16,194,FWD,E11,E12,E8,E9,22.781000,153.457000,OK
3,9,adjacent,400,30,16,195,REV,E12,E11,E8,E9,22.891000,155.452000,OK
3,9,adjacent,400,30,16,196,FWD,E11,E12,E9,E10,-12.477000,154.734000,OK
3,9,adjacent,400,30,16,197,REV,E12,E11,E9,E10,-0.828000,154.814000,OK
3,9,adjacent,400,30,16,198,FWD,E12,E1,E2,E3,-88.133000,51.551000,OK
3,9,adjacent,400,30,16,199,REV,E1,E12,E2,E3,-86.789000,143.801000,OK
3,9,adjacent,400,30,16,200,FWD,E12,E1,E3,E4,-20.344000,131.671000,OK
3,9,adjacent,400,30,16,201,REV,E1,E12,E3,E4,-19.547000,134.464000,OK
3,9,adjacent,400,30,16,202,FWD,E12,E1,E4,E5,82.813000,134.784000,OK
3,9,adjacent,400,30,16,203,REV,E1,E12,E4,E5,-388.312000,135.821000,OK
3,9,adjacent,400,30,16,204,FWD,E12,E1,E5,E6,22.273000,137.018000,OK
3,9,adjacent,400,30,16,205,REV,E1,E12,E5,E6,20.922000,136.300000,OK
3,9,adjacent,400,30,16,206,FWD,E12,E1,E6,E7,-15.953000,136.938000,OK
3,9,adjacent,400,30,16,207,REV,E1,E12,E6,E7,-15.781000,137.417000,OK
3,9,adjacent,400,30,16,208,FWD,E12,E1,E7,E8,27.375000,139.093000,OK
3,9,adjacent,400,30,16,209,REV,E1,E12,E7,E8,27.344000,137.417000,OK
3,9,adjacent,400,30,16,210,FWD,E12,E1,E8,E9,25.078000,139.252000,OK
3,9,adjacent,400,30,16,211,REV,E1,E12,E8,E9,25.484000,137.896000,OK
3,9,adjacent,400,30,16,212,FWD,E12,E1,E9,E10,1.750000,140.769000,OK
3,9,adjacent,400,30,16,213,REV,E1,E12,E9,E10,1.891000,138.694000,OK
3,9,adjacent,400,30,16,214,FWD,E12,E1,E10,E11,-51.516000,139.891000,OK
3,9,adjacent,400,30,16,215,REV,E1,E12,E10,E11,-41.648000,138.614000,OK
4,10,adjacent,400,30,16,0,FWD,E1,E2,E3,E4,-24.367000,23.781000,OK
4,10,adjacent,400,30,16,1,REV,E2,E1,E3,E4,-23.117000,119.302000,OK
4,10,adjacent,400,30,16,2,FWD,E1,E2,E4,E5,-335.844000,97.676000,OK
4,10,adjacent,400,30,16,3,REV,E2,E1,E4,E5,46.727000,108.449000,OK
4,10,adjacent,400,30,16,4,FWD,E1,E2,E5,E6,159.203000,101.427000,OK
4,10,adjacent,400,30,16,5,REV,E2,E1,E5,E6,-406.219000,106.534000,OK
4,10,adjacent,400,30,16,6,FWD,E1,E2,E6,E7,-16.469000,104.379000,OK
4,10,adjacent,400,30,16,7,REV,E2,E1,E6,E7,-16.367000,107.172000,OK
4,10,adjacent,400,30,16,8,FWD,E1,E2,E7,E8,24.211000,104.858000,OK
4,10,adjacent,400,30,16,9,REV,E2,E1,E7,E8,24.125000,107.492000,OK
4,10,adjacent,400,30,16,10,FWD,E1,E2,E8,E9,25.266000,105.417000,OK
4,10,adjacent,400,30,16,11,REV,E2,E1,E8,E9,25.508000,108.370000,OK
4,10,adjacent,400,30,16,12,FWD,E1,E2,E9,E10,0.977000,105.497000,OK
4,10,adjacent,400,30,16,13,REV,E2,E1,E9,E10,1.117000,108.370000,OK
4,10,adjacent,400,30,16,14,FWD,E1,E2,E10,E11,-27.359000,106.853000,OK
4,10,adjacent,400,30,16,15,REV,E2,E1,E10,E11,-48.453000,109.008000,OK
4,10,adjacent,400,30,16,16,FWD,E1,E2,E11,E12,-43.000000,107.093000,OK
4,10,adjacent,400,30,16,17,REV,E2,E1,E11,E12,-50.750000,108.210000,OK
4,10,adjacent,400,30,16,18,FWD,E2,E3,E4,E5,46.391000,25.855000,OK
4,10,adjacent,400,30,16,19,REV,E3,E2,E4,E5,35.453000,77.327000,OK
4,10,adjacent,400,30,16,20,FWD,E2,E3,E5,E6,-341.703000,67.671000,OK
4,10,adjacent,400,30,16,21,REV,E3,E2,E5,E6,75.086000,70.704000,OK
4,10,adjacent,400,30,16,22,FWD,E2,E3,E6,E7,-16.891000,70.943000,OK
4,10,adjacent,400,30,16,23,REV,E3,E2,E6,E7,-16.766000,71.023000,OK
4,10,adjacent,400,30,16,24,FWD,E2,E3,E7,E8,21.625000,71.980000,OK
4,10,adjacent,400,30,16,25,REV,E3,E2,E7,E8,21.531000,70.544000,OK
4,10,adjacent,400,30,16,26,FWD,E2,E3,E8,E9,25.430000,73.497000,OK
4,10,adjacent,400,30,16,27,REV,E3,E2,E8,E9,25.570000,71.581000,OK
4,10,adjacent,400,30,16,28,FWD,E2,E3,E9,E10,0.664000,73.656000,OK
4,10,adjacent,400,30,16,29,REV,E3,E2,E9,E10,0.750000,71.901000,OK
4,10,adjacent,400,30,16,30,FWD,E2,E3,E10,E11,-26.852000,73.257000,OK
4,10,adjacent,400,30,16,31,REV,E3,E2,E10,E11,-44.867000,73.018000,OK
4,10,adjacent,400,30,16,32,FWD,E2,E3,E11,E12,-38.539000,74.295000,OK
4,10,adjacent,400,30,16,33,REV,E3,E2,E11,E12,-47.414000,72.858000,OK
4,10,adjacent,400,30,16,34,FWD,E2,E3,E12,E1,15.539000,74.055000,OK
4,10,adjacent,400,30,16,35,REV,E3,E2,E12,E1,15.336000,72.539000,OK
4,10,adjacent,400,30,16,36,FWD,E3,E4,E1,E2,58.781000,16.918000,OK
4,10,adjacent,400,30,16,37,REV,E4,E3,E1,E2,43.922000,53.706000,OK
4,10,adjacent,400,30,16,38,FWD,E3,E4,E5,E6,35.695000,46.683000,OK
4,10,adjacent,400,30,16,39,REV,E4,E3,E5,E6,43.969000,49.078000,OK
4,10,adjacent,400,30,16,40,FWD,E3,E4,E6,E7,-17.227000,49.317000,OK
4,10,adjacent,400,30,16,41,REV,E4,E3,E6,E7,-17.117000,50.035000,OK
4,10,adjacent,400,30,16,42,FWD,E3,E4,E7,E8,19.211000,49.237000,OK
4,10,adjacent,400,30,16,43,REV,E4,E3,E7,E8,19.180000,49.796000,OK
4,10,adjacent,400,30,16,44,FWD,E3,E4,E8,E9,25.594000,51.152000,OK
4,10,adjacent,400,30,16,45,REV,E4,E3,E8,E9,25.734000,50.354000,OK
4,10,adjacent,400,30,16,46,FWD,E3,E4,E9,E10,0.430000,51.152000,OK
4,10,adjacent,400,30,16,47,REV,E4,E3,E9,E10,0.484000,49.556000,OK
4,10,adjacent,400,30,16,48,FWD,E3,E4,E10,E11,-25.125000,52.349000,OK
4,10,adjacent,400,30,16,49,REV,E4,E3,E10,E11,-40.805000,50.993000,OK
4,10,adjacent,400,30,16,50,FWD,E3,E4,E11,E12,-37.938000,52.429000,OK
4,10,adjacent,400,30,16,51,REV,E4,E3,E11,E12,-43.672000,50.594000,OK
4,10,adjacent,400,30,16,52,FWD,E3,E4,E12,E1,6.008000,52.509000,OK
4,10,adjacent,400,30,16,53,REV,E4,E3,E12,E1,5.742000,51.871000,OK
4,10,adjacent,400,30,16,54,FWD,E4,E5,E1,E2,23.766000,19.870000,OK
4,10,adjacent,400,30,16,55,REV,E5,E4,E1,E2,24.336000,62.644000,OK
4,10,adjacent,400,30,16,56,FWD,E4,E5,E2,E3,-80.742000,51.871000,OK
4,10,adjacent,400,30,16,57,REV,E5,E4,E2,E3,-81.375000,59.132000,OK
4,10,adjacent,400,30,16,58,FWD,E4,E5,E6,E7,-17.578000,54.983000,OK
4,10,adjacent,400,30,16,59,REV,E5,E4,E6,E7,-17.219000,58.494000,OK
4,10,adjacent,400,30,16,60,FWD,E4,E5,E7,E8,17.172000,56.020000,OK
4,10,adjacent,400,30,16,61,REV,E5,E4,E7,E8,17.234000,58.813000,OK
4,10,adjacent,400,30,16,62,FWD,E4,E5,E8,E9,25.797000,56.978000,OK
4,10,adjacent,400,30,16,63,REV,E5,E4,E8,E9,25.867000,59.053000,OK
4,10,adjacent,400,30,16,64,FWD,E4,E5,E9,E10,0.258000,57.058000,OK
4,10,adjacent,400,30,16,65,REV,E5,E4,E9,E10,0.336000,59.212000,OK
4,10,adjacent,400,30,16,66,FWD,E4,E5,E10,E11,-33.695000,57.377000,OK
4,10,adjacent,400,30,16,67,REV,E5,E4,E10,E11,-23.687000,60.170000,OK
4,10,adjacent,400,30,16,68,FWD,E4,E5,E11,E12,-42.313000,57.696000,OK
4,10,adjacent,400,30,16,69,REV,E5,E4,E11,E12,-31.859000,60.250000,OK
4,10,adjacent,400,30,16,70,FWD,E4,E5,E12,E1,-0.312000,57.536000,OK
4,10,adjacent,400,30,16,71,REV,E5,E4,E12,E1,-0.477000,59.771000,OK
4,10,adjacent,400,30,16,72,FWD,E5,E6,E1,E2,32.188000,45.087000,OK
4,10,adjacent,400,30,16,73,REV,E6,E5,E1,E2,32.875000,92.090000,OK
4,10,adjacent,400,30,16,74,FWD,E5,E6,E2,E3,-81.500000,83.392000,OK
4,10,adjacent,400,30,16,75,REV,E6,E5,E2,E3,-84.039000,88.739000,OK
4,10,adjacent,400,30,16,76,FWD,E5,E6,E3,E4,-71.227000,86.903000,OK
4,10,adjacent,400,30,16,77,REV,E6,E5,E3,E4,-71.891000,88.978000,OK
4,10,adjacent,400,30,16,78,FWD,E5,E6,E7,E8,15.445000,86.025000,OK
4,10,adjacent,400,30,16,79,REV,E6,E5,E7,E8,16.836000,89.856000,OK
4,10,adjacent,400,30,16,80,FWD,E5,E6,E8,E9,25.953000,87.781000,OK
4,10,adjacent,400,30,16,81,REV,E6,E5,E8,E9,26.180000,90.734000,OK
4,10,adjacent,400,30,16,82,FWD,E5,E6,E9,E10,0.109000,87.940000,OK
4,10,adjacent,400,30,16,83,REV,E6,E5,E9,E10,0.227000,90.335000,OK
4,10,adjacent,400,30,16,84,FWD,E5,E6,E10,E11,-40.203000,89.138000,OK
4,10,adjacent,400,30,16,85,REV,E6,E5,E10,E11,-24.672000,91.452000,OK
4,10,adjacent,400,30,16,86,FWD,E5,E6,E11,E12,-44.867000,89.058000,OK
4,10,adjacent,400,30,16,87,REV,E6,E5,E11,E12,-24.844000,90.973000,OK
4,10,adjacent,400,30,16,88,FWD,E5,E6,E12,E1,-5.266000,89.217000,OK
4,10,adjacent,400,30,16,89,REV,E6,E5,E12,E1,-5.289000,92.170000,OK
4,10,adjacent,400,30,16,90,FWD,E6,E7,E1,E2,41.422000,39.980000,OK
4,10,adjacent,400,30,16,91,REV,E7,E6,E1,E2,41.977000,68.230000,OK
4,10,adjacent,400,30,16,92,FWD,E6,E7,E2,E3,138.961000,71.980000,OK
4,10,adjacent,400,30,16,93,REV,E7,E6,E2,E3,-500.844000,66.314000,OK
4,10,adjacent,400,30,16,94,FWD,E6,E7,E3,E4,-64.453000,74.534000,OK
4,10,adjacent,400,30,16,95,REV,E7,E6,E3,E4,-71.547000,67.192000,OK
4,10,adjacent,400,30,16,96,FWD,E6,E7,E4,E5,-71.875000,75.013000,OK
4,10,adjacent,400,30,16,97,REV,E7,E6,E4,E5,-71.875000,67.910000,OK
4,10,adjacent,400,30,16,98,FWD,E6,E7,E8,E9,26.195000,76.609000,OK
4,10,adjacent,400,30,16,99,REV,E7,E6,E8,E9,32.688000,68.310000,OK
4,10,adjacent,400,30,16,100,FWD,E6,E7,E9,E10,0.047000,77.965000,OK
4,10,adjacent,400,30,16,101,REV,E7,E6,E9,E10,0.086000,68.469000,OK
4,10,adjacent,400,30,16,102,FWD,E6,E7,E10,E11,17.273000,78.045000,OK
4,10,adjacent,400,30,16,103,REV,E7,E6,E10,E11,-100.297000,70.464000,OK
4,10,adjacent,400,30,16,104,FWD,E6,E7,E11,E12,9.586000,78.444000,OK
4,10,adjacent,400,30,16,105,REV,E7,E6,E11,E12,-107.547000,69.906000,OK
4,10,adjacent,400,30,16,106,FWD,E6,E7,E12,E1,-9.211000,78.125000,OK
4,10,adjacent,400,30,16,107,REV,E7,E6,E12,E1,-9.289000,72.379000,OK
4,10,adjacent,400,30,16,108,FWD,E7,E8,E1,E2,49.883000,13.327000,OK
4,10,adjacent,400,30,16,109,REV,E8,E7,E1,E2,50.430000,45.726000,OK
4,10,adjacent,400,30,16,110,FWD,E7,E8,E2,E3,-411.109000,38.384000,OK
4,10,adjacent,400,30,16,111,REV,E8,E7,E2,E3,2.375000,42.853000,OK
4,10,adjacent,400,30,16,112,FWD,E7,E8,E3,E4,119.750000,41.257000,OK
4,10,adjacent,400,30,16,113,REV,E8,E7,E3,E4,-469.219000,41.816000,OK
4,10,adjacent,400,30,16,114,FWD,E7,E8,E4,E5,-67.789000,41.816000,OK
4,10,adjacent,400,30,16,115,REV,E8,E7,E4,E5,-67.852000,42.693000,OK
4,10,adjacent,400,30,16,116,FWD,E7,E8,E5,E6,-2.797000,43.013000,OK
4,10,adjacent,400,30,16,117,REV,E8,E7,E5,E6,-2.414000,43.332000,OK
4,10,adjacent,400,30,16,118,FWD,E7,E8,E9,E10,0.344000,42.614000,OK
4,10,adjacent,400,30,16,119,REV,E8,E7,E9,E10,1.320000,43.252000,OK
4,10,adjacent,400,30,16,120,FWD,E7,E8,E10,E11,-72.313000,43.412000,OK
4,10,adjacent,400,30,16,121,REV,E8,E7,E10,E11,-14.992000,43.651000,OK
4,10,adjacent,400,30,16,122,FWD,E7,E8,E11,E12,-74.813000,43.890000,OK
4,10,adjacent,400,30,16,123,REV,E8,E7,E11,E12,-13.273000,43.332000,OK
4,10,adjacent,400,30,16,124,FWD,E7,E8,E12,E1,-12.734000,44.529000,OK
4,10,adjacent,400,30,16,125,REV,E8,E7,E12,E1,-12.773000,43.571000,OK
4,10,adjacent,400,30,16,126,FWD,E8,E9,E1,E2,57.727000,17.796000,OK
4,10,adjacent,400,30,16,127,REV,E9,E8,E1,E2,58.273000,52.110000,OK
4,10,adjacent,400,30,16,128,FWD,E8,E9,E2,E3,-31.000000,42.534000,OK
4,10,adjacent,400,30,16,129,REV,E9,E8,E2,E3,-33.672000,49.556000,OK
4,10,adjacent,400,30,16,130,FWD,E8,E9,E3,E4,-430.625000,45.646000,OK
4,10,adjacent,400,30,16,131,REV,E9,E8,E3,E4,203.937000,49.636000,OK
4,10,adjacent,400,30,16,132,FWD,E8,E9,E4,E5,-66.539000,45.486000,OK
4,10,adjacent,400,30,16,133,REV,E9,E8,E4,E5,-66.742000,49.955000,OK
4,10,adjacent,400,30,16,134,FWD,E8,E9,E5,E6,5.586000,48.040000,OK
4,10,adjacent,400,30,16,135,REV,E9,E8,E5,E6,5.617000,49.636000,OK
4,10,adjacent,400,30,16,136,FWD,E8,E9,E6,E7,-5.664000,47.880000,OK
4,10,adjacent,400,30,16,137,REV,E9,E8,E6,E7,-3.328000,50.035000,OK
4,10,adjacent,400,30,16,138,FWD,E8,E9,E10,E11,-27.891000,49.237000,OK
4,10,adjacent,400,30,16,139,REV,E9,E8,E10,E11,-12.313000,50.514000,OK
4,10,adjacent,400,30,16,140,FWD,E8,E9,E11,E12,-42.789000,48.678000,OK
4,10,adjacent,400,30,16,141,REV,E9,E8,E11,E12,-23.492000,50.674000,OK
4,10,adjacent,400,30,16,142,FWD,E8,E9,E12,E1,-15.305000,49.477000,OK
4,10,adjacent,400,30,16,143,REV,E9,E8,E12,E1,-15.227000,51.551000,OK
4,10,adjacent,400,30,16,144,FWD,E9,E10,E1,E2,64.609000,46.763000,OK
4,10,adjacent,400,30,16,145,REV,E10,E9,E1,E2,65.109000,87.940000,OK
4,10,adjacent,400,30,16,146,FWD,E9,E10,E2,E3,-67.898000,77.726000,OK
4,10,adjacent,400,30,16,147,REV,E10,E9,E2,E3,-67.914000,86.664000,OK
4,10,adjacent,400,30,16,148,FWD,E9,E10,E3,E4,45.227000,79.721000,OK
4,10,adjacent,400,30,16,149,REV,E10,E9,E3,E4,40.953000,86.983000,OK
4,10,adjacent,400,30,16,150,FWD,E9,E10,E4,E5,-66.445000,81.477000,OK
4,10,adjacent,400,30,16,151,REV,E10,E9,E4,E5,-66.703000,88.260000,OK
4,10,adjacent,400,30,16,152,FWD,E9,E10,E5,E6,11.195000,81.556000,OK
4,10,adjacent,400,30,16,153,REV,E10,E9,E5,E6,11.164000,88.978000,OK
4,10,adjacent,400,30,16,154,FWD,E9,E10,E6,E7,-10.891000,82.434000,OK
4,10,adjacent,400,30,16,155,REV,E10,E9,E6,E7,-10.922000,90.095000,OK
4,10,adjacent,400,30,16,156,FWD,E9,E10,E7,E8,58.375000,83.711000,OK
4,10,adjacent,400,30,16,157,REV,E10,E9,E7,E8,58.109000,90.494000,OK
4,10,adjacent,400,30,16,158,FWD,E9,E10,E11,E12,-21.836000,84.270000,OK
4,10,adjacent,400,30,16,159,REV,E10,E9,E11,E12,-20.180000,90.654000,OK
4,10,adjacent,400,30,16,160,FWD,E9,E10,E12,E1,-16.539000,85.387000,OK
4,10,adjacent,400,30,16,161,REV,E10,E9,E12,E1,-16.305000,90.813000,OK
4,10,adjacent,400,30,16,162,FWD,E10,E11,E1,E2,70.875000,57.297000,OK
4,10,adjacent,400,30,16,163,REV,E11,E10,E1,E2,71.578000,121.377000,OK
4,10,adjacent,400,30,16,164,FWD,E10,E11,E2,E3,-77.508000,113.237000,OK
4,10,adjacent,400,30,16,165,REV,E11,E10,E2,E3,-76.836000,118.744000,OK
4,10,adjacent,400,30,16,166,FWD,E10,E11,E3,E4,-1.742000,115.791000,OK
4,10,adjacent,400,30,16,167,REV,E11,E10,E3,E4,-1.195000,118.744000,OK
4,10,adjacent,400,30,16,168,FWD,E10,E11,E4,E5,-66.805000,117.068000,OK
4,10,adjacent,400,30,16,169,REV,E11,E10,E4,E5,-67.578000,119.302000,OK
4,10,adjacent,400,30,16,170,FWD,E10,E11,E5,E6,15.672000,117.227000,OK
4,10,adjacent,400,30,16,171,REV,E11,E10,E5,E6,15.297000,119.621000,OK
4,10,adjacent,400,30,16,172,FWD,E10,E11,E6,E7,-13.680000,117.946000,OK
4,10,adjacent,400,30,16,173,REV,E11,E10,E6,E7,-13.523000,121.377000,OK
4,10,adjacent,400,30,16,174,FWD,E10,E11,E7,E8,38.875000,117.706000,OK
4,10,adjacent,400,30,16,175,REV,E11,E10,E7,E8,39.016000,121.058000,OK
4,10,adjacent,400,30,16,176,FWD,E10,E11,E8,E9,-68.273000,118.025000,OK
4,10,adjacent,400,30,16,177,REV,E11,E10,E8,E9,-4.531000,122.175000,OK
4,10,adjacent,400,30,16,178,FWD,E10,E11,E12,E1,-16.352000,118.504000,OK
4,10,adjacent,400,30,16,179,REV,E11,E10,E12,E1,-13.008000,121.377000,OK
4,10,adjacent,400,30,16,180,FWD,E11,E12,E1,E2,76.336000,68.070000,OK
4,10,adjacent,400,30,16,181,REV,E12,E11,E1,E2,77.391000,161.437000,OK
4,10,adjacent,400,30,16,182,FWD,E11,E12,E2,E3,-84.039000,146.913000,OK
4,10,adjacent,400,30,16,183,REV,E12,E11,E2,E3,-83.070000,151.542000,OK
4,10,adjacent,400,30,16,184,FWD,E11,E12,E3,E4,-14.891000,149.547000,OK
4,10,adjacent,400,30,16,185,REV,E12,E11,E3,E4,-14.156000,152.340000,OK
4,10,adjacent,400,30,16,186,FWD,E11,E12,E4,E5,-67.258000,151.622000,OK
4,10,adjacent,400,30,16,187,REV,E12,E11,E4,E5,-68.703000,152.260000,OK
4,10,adjacent,400,30,16,188,FWD,E11,E12,E5,E6,19.437000,152.579000,OK
4,10,adjacent,400,30,16,189,REV,E12,E11,E5,E6,18.805000,152.659000,OK
4,10,adjacent,400,30,16,190,FWD,E11,E12,E6,E7,-15.117000,153.696000,OK
4,10,adjacent,400,30,16,191,REV,E12,E11,E6,E7,-14.945000,153.537000,OK
4,10,adjacent,400,30,16,192,FWD,E11,E12,E7,E8,31.805000,153.537000,OK
4,10,adjacent,400,30,16,193,REV,E12,E11,E7,E8,31.758000,155.133000,OK
4,10,adjacent,400,30,16,194,FWD,E11,E12,E8,E9,22.687000,154.574000,OK
4,10,adjacent,400,30,16,195,REV,E12,E11,E8,E9,22.805000,154.893000,OK
4,10,adjacent,400,30,16,196,FWD,E11,E12,E9,E10,-12.508000,154.255000,OK
4,10,adjacent,400,30,16,197,REV,E12,E11,E9,E10,-0.836000,155.292000,OK
4,10,adjacent,400,30,16,198,FWD,E12,E1,E2,E3,-88.313000,52.589000,OK
4,10,adjacent,400,30,16,199,REV,E1,E12,E2,E3,-86.938000,143.083000,OK
4,10,adjacent,400,30,16,200,FWD,E12,E1,E3,E4,-21.039000,131.352000,OK
4,10,adjacent,400,30,16,201,REV,E1,E12,E3,E4,-20.211000,135.661000,OK
4,10,adjacent,400,30,16,202,FWD,E12,E1,E4,E5,82.555000,135.582000,OK
4,10,adjacent,400,30,16,203,REV,E1,E12,E4,E5,-388.594000,135.262000,OK
4,10,adjacent,400,30,16,204,FWD,E12,E1,E5,E6,22.398000,136.220000,OK
4,10,adjacent,400,30,16,205,REV,E1,E12,E5,E6,21.086000,136.619000,OK
4,10,adjacent,400,30,16,206,FWD,E12,E1,E6,E7,-15.867000,138.454000,OK
4,10,adjacent,400,30,16,207,REV,E1,E12,E6,E7,-15.727000,137.098000,OK
4,10,adjacent,400,30,16,208,FWD,E12,E1,E7,E8,27.477000,139.013000,OK
4,10,adjacent,400,30,16,209,REV,E1,E12,E7,E8,27.453000,136.699000,OK
4,10,adjacent,400,30,16,210,FWD,E12,E1,E8,E9,25.016000,139.891000,OK
4,10,adjacent,400,30,16,211,REV,E1,E12,E8,E9,25.367000,138.055000,OK
4,10,adjacent,400,30,16,212,FWD,E12,E1,E9,E10,1.750000,139.651000,OK
4,10,adjacent,400,30,16,213,REV,E1,E12,E9,E10,1.898000,138.694000,OK
4,10,adjacent,400,30,16,214,FWD,E12,E1,E10,E11,-50.008000,140.689000,OK
4,10,adjacent,400,30,16,215,REV,E1,E12,E10,E11,-42.852000,138.694000,OK
