record_type,rank,frame,i_plus,i_minus,v_plus,v_minus,baseline_rms_kohm,max_abs_kohm,kept_pairs,dropped_pairs,kept_ratio,current_median_ua,current_spread_ua,quality_label
frame,,1,,,,,,,108,0,1.000000,670.965000,308.988000,ok
frame,,2,,,,,,,108,0,1.000000,673.040000,316.011000,ok
frame,,3,,,,,,,108,0,1.000000,671.763500,310.266000,ok
frame,,4,,,,,,,108,0,1.000000,672.402000,310.904000,ok
frame,,5,,,,,,,108,0,1.000000,670.486500,312.181000,ok
frame,,6,,,,,,,108,0,1.000000,670.486500,311.542000,ok
frame,,7,,,,,,,108,0,1.000000,669.688000,311.224000,ok
frame,,8,,,,,,,108,0,1.000000,669.529000,312.180000,ok
frame,,9,,,,,,,108,0,1.000000,670.008000,312.181000,ok
frame,,10,,,,,,,108,0,1.000000,668.252000,312.181000,ok
pair,1,,E8,E9,E5,E6,0.000792578,0.001142177,,,,,,
pair,2,,E8,E9,E10,E11,0.000789324,0.001323906,,,,,,
pair,3,,E1,E2,E3,E4,0.000627577,0.000862846,,,,,,
pair,4,,E9,E10,E11,E12,0.000588251,0.000804068,,,,,,
pair,5,,E7,E8,E5,E6,0.000500700,0.000792721,,,,,,
pair,6,,E7,E8,E4,E5,0.000478046,0.000782369,,,,,,
pair,7,,E6,E7,E4,E5,0.000437200,0.000669010,,,,,,
pair,8,,E12,E1,E2,E3,0.000257491,0.000347158,,,,,,
pair,9,,E10,E11,E12,E1,0.000215917,0.000331190,,,,,,
pair,10,,E3,E4,E5,E6,0.000176385,0.000225944,,,,,,
pair,11,,E2,E3,E12,E1,0.000159797,0.000268705,,,,,,
pair,12,,E10,E11,E8,E9,0.000157291,0.000257866,,,,,,
pair,13,,E8,E9,E11,E12,0.000143895,0.000276224,,,,,,
pair,14,,E3,E4,E1,E2,0.000131436,0.000223017,,,,,,
pair,15,,E11,E12,E1,E2,0.000130044,0.000207617,,,,,,
pair,16,,E1,E2,E4,E5,0.000121488,0.000179509,,,,,,
pair,17,,E1,E2,E11,E12,0.000106910,0.000196652,,,,,,
pair,18,,E9,E10,E5,E6,0.000087898,0.000145293,,,,,,
pair,19,,E2,E3,E4,E5,0.000086339,0.000139767,,,,,,
pair,20,,E8,E9,E4,E5,0.000086112,0.000102612,,,,,,
pair,21,,E8,E9,E12,E1,0.000076813,0.000148944,,,,,,
pair,22,,E9,E10,E12,E1,0.000075756,0.000125520,,,,,,
pair,23,,E9,E10,E7,E8,0.000073279,0.000140881,,,,,,
pair,24,,E8,E9,E1,E2,0.000070396,0.000115392,,,,,,
pair,25,,E10,E11,E4,E5,0.000070304,0.000132567,,,,,,
pair,26,,E11,E12,E4,E5,0.000069303,0.000133208,,,,,,
pair,27,,E7,E8,E2,E3,0.000069053,0.000097694,,,,,,
pair,28,,E11,E12,E2,E3,0.000066514,0.000122000,,,,,,
pair,29,,E1,E2,E5,E6,0.000064265,0.000098148,,,,,,
pair,30,,E2,E3,E10,E11,0.000063071,0.000107728,,,,,,
pair,31,,E2,E3,E6,E7,0.000060379,0.000111055,,,,,,
pair,32,,E10,E11,E5,E6,0.000060189,0.000100991,,,,,,
pair,33,,E12,E1,E4,E5,0.000058738,0.000094345,,,,,,
pair,34,,E3,E4,E6,E7,0.000056511,0.000081318,,,,,,
pair,35,,E9,E10,E1,E2,0.000056002,0.000085570,,,,,,
pair,36,,E12,E1,E3,E4,0.000055824,0.000099253,,,,,,
pair,37,,E8,E9,E6,E7,0.000055784,0.000098043,,,,,,
pair,38,,E4,E5,E6,E7,0.000055745,0.000087086,,,,,,
pair,39,,E10,E11,E1,E2,0.000054249,0.000086911,,,,,,
pair,40,,E5,E6,E12,E1,0.000054176,0.000072988,,,,,,
pair,41,,E7,E8,E10,E11,0.000052329,0.000099559,,,,,,
pair,42,,E12,E1,E9,E10,0.000051935,0.000079640,,,,,,
pair,43,,E1,E2,E10,E11,0.000051256,0.000071328,,,,,,
pair,44,,E5,E6,E1,E2,0.000050387,0.000074712,,,,,,
pair,45,,E4,E5,E2,E3,0.000050012,0.000084840,,,,,,
pair,46,,E2,E3,E8,E9,0.000049702,0.000078070,,,,,,
pair,47,,E3,E4,E12,E1,0.000048754,0.000086992,,,,,,
pair,48,,E2,E3,E5,E6,0.000048002,0.000089730,,,,,,
pair,49,,E12,E1,E10,E11,0.000047673,0.000064265,,,,,,
pair,50,,E12,E1,E6,E7,0.000046062,0.000087446,,,,,,
pair,51,,E3,E4,E9,E10,0.000045883,0.000073540,,,,,,
pair,52,,E9,E10,E6,E7,0.000045687,0.000072149,,,,,,
pair,53,,E11,E12,E9,E10,0.000044146,0.000055753,,,,,,
pair,54,,E2,E3,E11,E12,0.000043423,0.000070884,,,,,,
pair,55,,E7,E8,E9,E10,0.000041280,0.000074293,,,,,,
pair,56,,E9,E10,E3,E4,0.000039920,0.000057967,,,,,,
pair,57,,E4,E5,E7,E8,0.000039651,0.000062662,,,,,,
pair,58,,E1,E2,E9,E10,0.000039461,0.000075039,,,,,,
pair,59,,E6,E7,E8,E9,0.000039035,0.000071663,,,,,,
pair,60,,E7,E8,E12,E1,0.000038271,0.000057775,,,,,,
pair,61,,E10,E11,E7,E8,0.000037856,0.000054270,,,,,,
pair,62,,E6,E7,E3,E4,0.000037160,0.000052109,,,,,,
pair,63,,E2,E3,E9,E10,0.000036097,0.000065395,,,,,,
pair,64,,E5,E6,E10,E11,0.000035206,0.000057208,,,,,,
pair,65,,E6,E7,E11,E12,0.000034584,0.000052538,,,,,,
pair,66,,E6,E7,E10,E11,0.000034497,0.000043760,,,,,,
pair,67,,E3,E4,E10,E11,0.000033328,0.000063377,,,,,,
pair,68,,E5,E6,E7,E8,0.000033093,0.000040939,,,,,,
pair,69,,E11,E12,E7,E8,0.000032816,0.000046571,,,,,,
pair,70,,E5,E6,E3,E4,0.000032537,0.000056939,,,,,,
pair,71,,E3,E4,E11,E12,0.000032504,0.000055665,,,,,,
pair,72,,E4,E5,E11,E12,0.000032441,0.000043541,,,,,,
pair,73,,E5,E6,E9,E10,0.000031388,0.000044532,,,,,,
pair,74,,E5,E6,E11,E12,0.000030974,0.000051912,,,,,,
pair,75,,E11,E12,E6,E7,0.000030784,0.000052232,,,,,,
pair,76,,E4,E5,E1,E2,0.000029860,0.000040771,,,,,,
pair,77,,E3,E4,E8,E9,0.000028497,0.000046397,,,,,,
pair,78,,E7,E8,E1,E2,0.000028470,0.000046383,,,,,,
pair,79,,E4,E5,E9,E10,0.000028432,0.000042252,,,,,,
pair,80,,E6,E7,E12,E1,0.000028105,0.000042817,,,,,,
pair,81,,E10,E11,E2,E3,0.000027502,0.000050350,,,,,,
pair,82,,E9,E10,E2,E3,0.000026810,0.000039151,,,,,,
pair,83,,E12,E1,E7,E8,0.000025628,0.000037075,,,,,,
pair,84,,E6,E7,E2,E3,0.000025483,0.000041089,,,,,,
pair,85,,E6,E7,E1,E2,0.000025320,0.000031251,,,,,,
pair,86,,E4,E5,E8,E9,0.000025150,0.000046259,,,,,,
pair,87,,E7,E8,E11,E12,0.000024666,0.000036460,,,,,,
pair,88,,E1,E2,E6,E7,0.000023447,0.000027456,,,,,,
pair,89,,E11,E12,E8,E9,0.000021872,0.000033243,,,,,,
pair,90,,E9,E10,E4,E5,0.000021580,0.000029383,,,,,,
pair,91,,E1,E2,E7,E8,0.000020824,0.000028234,,,,,,
pair,92,,E7,E8,E3,E4,0.000020781,0.000026944,,,,,,
pair,93,,E8,E9,E2,E3,0.000020713,0.000037831,,,,,,
pair,94,,E12,E1,E8,E9,0.000019726,0.000035004,,,,,,
pair,95,,E12,E1,E5,E6,0.000018635,0.000029701,,,,,,
pair,96,,E5,E6,E2,E3,0.000018573,0.000029752,,,,,,
pair,97,,E8,E9,E3,E4,0.000017111,0.000026818,,,,,,
pair,98,,E10,E11,E6,E7,0.000017017,0.000028752,,,,,,
pair,99,,E5,E6,E8,E9,0.000016901,0.000022476,,,,,,
pair,100,,E10,E11,E3,E4,0.000016384,0.000023635,,,,,,
pair,101,,E11,E12,E3,E4,0.000016246,0.000025478,,,,,,
pair,102,,E3,E4,E7,E8,0.000016111,0.000028789,,,,,,
pair,103,,E1,E2,E8,E9,0.000015017,0.000022280,,,,,,
pair,104,,E4,E5,E10,E11,0.000013815,0.000024619,,,,,,
pair,105,,E4,E5,E12,E1,0.000013340,0.000019875,,,,,,
pair,106,,E11,E12,E5,E6,0.000012909,0.000019821,,,,,,
pair,107,,E2,E3,E7,E8,0.000010953,0.000016554,,,,,,
pair,108,,E6,E7,E9,E10,0.000009609,0.000014980,,,,,,
